n_checks,n_comparisons,effect_size,sample_size,std_dev,Probability_of_finding_an_effect
1,1,0,100,2.25,0.053
1,1,0,100,4.5,0.0528
1,1,0,100,9,0.0466
1,1,0,100,45,0.0542
1,1,0,1000,2.25,0.0468
1,1,0,1000,4.5,0.0488
1,1,0,1000,9,0.0512
1,1,0,1000,45,0.0484
1,1,0,5000,2.25,0.054
1,1,0,5000,4.5,0.0496
1,1,0,5000,9,0.0504
1,1,0,5000,45,0.052
1,1,0,10000,2.25,0.0522
1,1,0,10000,4.5,0.0532
1,1,0,10000,9,0.0506
1,1,0,10000,45,0.0468
1,1,0.01,100,2.25,0.2946
1,1,0.01,100,4.5,0.11
1,1,0.01,100,9,0.0604
1,1,0.01,100,45,0.0508
1,1,0.01,1000,2.25,0.9952
1,1,0.01,1000,4.5,0.6066
1,1,0.01,1000,9,0.2126
1,1,0.01,1000,45,0.0582
1,1,0.01,5000,2.25,1
1,1,0.01,5000,4.5,0.9986
1,1,0.01,5000,9,0.7024
1,1,0.01,5000,45,0.0788
1,1,0.01,10000,2.25,1
1,1,0.01,10000,4.5,1
1,1,0.01,10000,9,0.9458
1,1,0.01,10000,45,0.108
1,1,0.02,100,2.25,0.8012
1,1,0.02,100,4.5,0.2878
1,1,0.02,100,9,0.1116
1,1,0.02,100,45,0.0514
1,1,0.02,1000,2.25,1
1,1,0.02,1000,4.5,0.9948
1,1,0.02,1000,9,0.6074
1,1,0.02,1000,45,0.0778
1,1,0.02,5000,2.25,1
1,1,0.02,5000,4.5,1
1,1,0.02,5000,9,0.9988
1,1,0.02,5000,45,0.1658
1,1,0.02,10000,2.25,1
1,1,0.02,10000,4.5,1
1,1,0.02,10000,9,1
1,1,0.02,10000,45,0.298
1,1,0.05,100,2.25,1
1,1,0.05,100,4.5,0.9476
1,1,0.05,100,9,0.4224
1,1,0.05,100,45,0.059
1,1,0.05,1000,2.25,1
1,1,0.05,1000,4.5,1
1,1,0.05,1000,9,1
1,1,0.05,1000,45,0.205
1,1,0.05,5000,2.25,1
1,1,0.05,5000,4.5,1
1,1,0.05,5000,9,1
1,1,0.05,5000,45,0.705
1,1,0.05,10000,2.25,1
1,1,0.05,10000,4.5,1
1,1,0.05,10000,9,1
1,1,0.05,10000,45,0.945
1,1,0.1,100,2.25,1
1,1,0.1,100,4.5,1
1,1,0.1,100,9,0.9432
1,1,0.1,100,45,0.1138
1,1,0.1,1000,2.25,1
1,1,0.1,1000,4.5,1
1,1,0.1,1000,9,1
1,1,0.1,1000,45,0.6068
1,1,0.1,5000,2.25,1
1,1,0.1,5000,4.5,1
1,1,0.1,5000,9,1
1,1,0.1,5000,45,0.9988
1,1,0.1,10000,2.25,1
1,1,0.1,10000,4.5,1
1,1,0.1,10000,9,1
1,1,0.1,10000,45,1
1,1,0.2,100,2.25,1
1,1,0.2,100,4.5,1
1,1,0.2,100,9,1
1,1,0.2,100,45,0.2846
1,1,0.2,1000,2.25,1
1,1,0.2,1000,4.5,1
1,1,0.2,1000,9,1
1,1,0.2,1000,45,0.9918
1,1,0.2,5000,2.25,1
1,1,0.2,5000,4.5,1
1,1,0.2,5000,9,1
1,1,0.2,5000,45,1
1,1,0.2,10000,2.25,1
1,1,0.2,10000,4.5,1
1,1,0.2,10000,9,1
1,1,0.2,10000,45,1
1,2,0,100,2.25,0.094
1,2,0,100,4.5,0.0926
1,2,0,100,9,0.0908
1,2,0,100,45,0.0874
1,2,0,1000,2.25,0.0938
1,2,0,1000,4.5,0.092
1,2,0,1000,9,0.0942
1,2,0,1000,45,0.0898
1,2,0,5000,2.25,0.088
1,2,0,5000,4.5,0.093
1,2,0,5000,9,0.0926
1,2,0,5000,45,0.0836
1,2,0,10000,2.25,0.0914
1,2,0,10000,4.5,0.0878
1,2,0,10000,9,0.0888
1,2,0,10000,45,0.094
1,2,0.01,100,2.25,0.4356
1,2,0.01,100,4.5,0.1862
1,2,0.01,100,9,0.1204
1,2,0.01,100,45,0.0894
1,2,0.01,1000,2.25,0.9996
1,2,0.01,1000,4.5,0.766
1,2,0.01,1000,9,0.308
1,2,0.01,1000,45,0.0974
1,2,0.01,5000,2.25,1
1,2,0.01,5000,4.5,1
1,2,0.01,5000,9,0.8458
1,2,0.01,5000,45,0.139
1,2,0.01,10000,2.25,1
1,2,0.01,10000,4.5,1
1,2,0.01,10000,9,0.9834
1,2,0.01,10000,45,0.1786
1,2,0.02,100,2.25,0.9158
1,2,0.02,100,4.5,0.4282
1,2,0.02,100,9,0.1762
1,2,0.02,100,45,0.0904
1,2,0.02,1000,2.25,1
1,2,0.02,1000,4.5,0.9994
1,2,0.02,1000,9,0.762
1,2,0.02,1000,45,0.1322
1,2,0.02,5000,2.25,1
1,2,0.02,5000,4.5,1
1,2,0.02,5000,9,1
1,2,0.02,5000,45,0.2684
1,2,0.02,10000,2.25,1
1,2,0.02,10000,4.5,1
1,2,0.02,10000,9,1
1,2,0.02,10000,45,0.4356
1,2,0.05,100,2.25,1
1,2,0.05,100,4.5,0.9848
1,2,0.05,100,9,0.591
1,2,0.05,100,45,0.1082
1,2,0.05,1000,2.25,1
1,2,0.05,1000,4.5,1
1,2,0.05,1000,9,1
1,2,0.05,1000,45,0.3054
1,2,0.05,5000,2.25,1
1,2,0.05,5000,4.5,1
1,2,0.05,5000,9,1
1,2,0.05,5000,45,0.8458
1,2,0.05,10000,2.25,1
1,2,0.05,10000,4.5,1
1,2,0.05,10000,9,1
1,2,0.05,10000,45,0.982
1,2,0.1,100,2.25,1
1,2,0.1,100,4.5,1
1,2,0.1,100,9,0.984
1,2,0.1,100,45,0.1766
1,2,0.1,1000,2.25,1
1,2,0.1,1000,4.5,1
1,2,0.1,1000,9,1
1,2,0.1,1000,45,0.7684
1,2,0.1,5000,2.25,1
1,2,0.1,5000,4.5,1
1,2,0.1,5000,9,1
1,2,0.1,5000,45,1
1,2,0.1,10000,2.25,1
1,2,0.1,10000,4.5,1
1,2,0.1,10000,9,1
1,2,0.1,10000,45,1
1,2,0.2,100,2.25,1
1,2,0.2,100,4.5,1
1,2,0.2,100,9,1
1,2,0.2,100,45,0.4306
1,2,0.2,1000,2.25,1
1,2,0.2,1000,4.5,1
1,2,0.2,1000,9,1
1,2,0.2,1000,45,0.9996
1,2,0.2,5000,2.25,1
1,2,0.2,5000,4.5,1
1,2,0.2,5000,9,1
1,2,0.2,5000,45,1
1,2,0.2,10000,2.25,1
1,2,0.2,10000,4.5,1
1,2,0.2,10000,9,1
1,2,0.2,10000,45,1
1,3,0,100,2.25,0.1212
1,3,0,100,4.5,0.125
1,3,0,100,9,0.1328
1,3,0,100,45,0.125
1,3,0,1000,2.25,0.1268
1,3,0,1000,4.5,0.1258
1,3,0,1000,9,0.1306
1,3,0,1000,45,0.1262
1,3,0,5000,2.25,0.124
1,3,0,5000,4.5,0.1194
1,3,0,5000,9,0.1274
1,3,0,5000,45,0.1324
1,3,0,10000,2.25,0.1224
1,3,0,10000,4.5,0.1244
1,3,0,10000,9,0.1314
1,3,0,10000,45,0.1236
1,3,0.01,100,2.25,0.5294
1,3,0.01,100,4.5,0.2296
1,3,0.01,100,9,0.1554
1,3,0.01,100,45,0.126
1,3,0.01,1000,2.25,1
1,3,0.01,1000,4.5,0.8352
1,3,0.01,1000,9,0.3896
1,3,0.01,1000,45,0.14
1,3,0.01,5000,2.25,1
1,3,0.01,5000,4.5,1
1,3,0.01,5000,9,0.8964
1,3,0.01,5000,45,0.1902
1,3,0.01,10000,2.25,1
1,3,0.01,10000,4.5,1
1,3,0.01,10000,9,0.9938
1,3,0.01,10000,45,0.2404
1,3,0.02,100,2.25,0.9522
1,3,0.02,100,4.5,0.529
1,3,0.02,100,9,0.2316
1,3,0.02,100,45,0.133
1,3,0.02,1000,2.25,1
1,3,0.02,1000,4.5,0.9998
1,3,0.02,1000,9,0.845
1,3,0.02,1000,45,0.167
1,3,0.02,5000,2.25,1
1,3,0.02,5000,4.5,1
1,3,0.02,5000,9,1
1,3,0.02,5000,45,0.3456
1,3,0.02,10000,2.25,1
1,3,0.02,10000,4.5,1
1,3,0.02,10000,9,1
1,3,0.02,10000,45,0.5324
1,3,0.05,100,2.25,1
1,3,0.05,100,4.5,0.994
1,3,0.05,100,9,0.6822
1,3,0.05,100,45,0.152
1,3,0.05,1000,2.25,1
1,3,0.05,1000,4.5,1
1,3,0.05,1000,9,1
1,3,0.05,1000,45,0.3826
1,3,0.05,5000,2.25,1
1,3,0.05,5000,4.5,1
1,3,0.05,5000,9,1
1,3,0.05,5000,45,0.9032
1,3,0.05,10000,2.25,1
1,3,0.05,10000,4.5,1
1,3,0.05,10000,9,1
1,3,0.05,10000,45,0.994
1,3,0.1,100,2.25,1
1,3,0.1,100,4.5,1
1,3,0.1,100,9,0.9932
1,3,0.1,100,45,0.2384
1,3,0.1,1000,2.25,1
1,3,0.1,1000,4.5,1
1,3,0.1,1000,9,1
1,3,0.1,1000,45,0.8402
1,3,0.1,5000,2.25,1
1,3,0.1,5000,4.5,1
1,3,0.1,5000,9,1
1,3,0.1,5000,45,1
1,3,0.1,10000,2.25,1
1,3,0.1,10000,4.5,1
1,3,0.1,10000,9,1
1,3,0.1,10000,45,1
1,3,0.2,100,2.25,1
1,3,0.2,100,4.5,1
1,3,0.2,100,9,1
1,3,0.2,100,45,0.5128
1,3,0.2,1000,2.25,1
1,3,0.2,1000,4.5,1
1,3,0.2,1000,9,1
1,3,0.2,1000,45,0.9998
1,3,0.2,5000,2.25,1
1,3,0.2,5000,4.5,1
1,3,0.2,5000,9,1
1,3,0.2,5000,45,1
1,3,0.2,10000,2.25,1
1,3,0.2,10000,4.5,1
1,3,0.2,10000,9,1
1,3,0.2,10000,45,1
1,5,0,100,2.25,0.1834
1,5,0,100,4.5,0.1836
1,5,0,100,9,0.1804
1,5,0,100,45,0.182
1,5,0,1000,2.25,0.181
1,5,0,1000,4.5,0.1864
1,5,0,1000,9,0.1832
1,5,0,1000,45,0.1846
1,5,0,5000,2.25,0.1778
1,5,0,5000,4.5,0.1832
1,5,0,5000,9,0.1856
1,5,0,5000,45,0.1756
1,5,0,10000,2.25,0.1774
1,5,0,10000,4.5,0.182
1,5,0,10000,9,0.1768
1,5,0,10000,45,0.1794
1,5,0.01,100,2.25,0.6268
1,5,0.01,100,4.5,0.3042
1,5,0.01,100,9,0.212
1,5,0.01,100,45,0.1876
1,5,0.01,1000,2.25,1
1,5,0.01,1000,4.5,0.8964
1,5,0.01,1000,9,0.491
1,5,0.01,1000,45,0.1932
1,5,0.01,5000,2.25,1
1,5,0.01,5000,4.5,1
1,5,0.01,5000,9,0.9422
1,5,0.01,5000,45,0.2512
1,5,0.01,10000,2.25,1
1,5,0.01,10000,4.5,1
1,5,0.01,10000,9,0.9968
1,5,0.01,10000,45,0.3204
1,5,0.02,100,2.25,0.9792
1,5,0.02,100,4.5,0.6292
1,5,0.02,100,9,0.3166
1,5,0.02,100,45,0.1812
1,5,0.02,1000,2.25,1
1,5,0.02,1000,4.5,1
1,5,0.02,1000,9,0.9058
1,5,0.02,1000,45,0.2334
1,5,0.02,5000,2.25,1
1,5,0.02,5000,4.5,1
1,5,0.02,5000,9,1
1,5,0.02,5000,45,0.4502
1,5,0.02,10000,2.25,1
1,5,0.02,10000,4.5,1
1,5,0.02,10000,9,1
1,5,0.02,10000,45,0.6164
1,5,0.05,100,2.25,1
1,5,0.05,100,4.5,0.9986
1,5,0.05,100,9,0.7728
1,5,0.05,100,45,0.2202
1,5,0.05,1000,2.25,1
1,5,0.05,1000,4.5,1
1,5,0.05,1000,9,1
1,5,0.05,1000,45,0.4884
1,5,0.05,5000,2.25,1
1,5,0.05,5000,4.5,1
1,5,0.05,5000,9,1
1,5,0.05,5000,45,0.9476
1,5,0.05,10000,2.25,1
1,5,0.05,10000,4.5,1
1,5,0.05,10000,9,1
1,5,0.05,10000,45,0.9984
1,5,0.1,100,2.25,1
1,5,0.1,100,4.5,1
1,5,0.1,100,9,0.9982
1,5,0.1,100,45,0.3232
1,5,0.1,1000,2.25,1
1,5,0.1,1000,4.5,1
1,5,0.1,1000,9,1
1,5,0.1,1000,45,0.8998
1,5,0.1,5000,2.25,1
1,5,0.1,5000,4.5,1
1,5,0.1,5000,9,1
1,5,0.1,5000,45,1
1,5,0.1,10000,2.25,1
1,5,0.1,10000,4.5,1
1,5,0.1,10000,9,1
1,5,0.1,10000,45,1
1,5,0.2,100,2.25,1
1,5,0.2,100,4.5,1
1,5,0.2,100,9,1
1,5,0.2,100,45,0.6248
1,5,0.2,1000,2.25,1
1,5,0.2,1000,4.5,1
1,5,0.2,1000,9,1
1,5,0.2,1000,45,1
1,5,0.2,5000,2.25,1
1,5,0.2,5000,4.5,1
1,5,0.2,5000,9,1
1,5,0.2,5000,45,1
1,5,0.2,10000,2.25,1
1,5,0.2,10000,4.5,1
1,5,0.2,10000,9,1
1,5,0.2,10000,45,1
1,10,0,100,2.25,0.2802
1,10,0,100,4.5,0.2792
1,10,0,100,9,0.2762
1,10,0,100,45,0.2918
1,10,0,1000,2.25,0.2912
1,10,0,1000,4.5,0.2866
1,10,0,1000,9,0.282
1,10,0,1000,45,0.288
1,10,0,5000,2.25,0.2834
1,10,0,5000,4.5,0.2856
1,10,0,5000,9,0.2816
1,10,0,5000,45,0.2876
1,10,0,10000,2.25,0.283
1,10,0,10000,4.5,0.2856
1,10,0,10000,9,0.2866
1,10,0,10000,45,0.286
1,10,0.01,100,2.25,0.7456
1,10,0.01,100,4.5,0.4396
1,10,0.01,100,9,0.3314
1,10,0.01,100,45,0.2812
1,10,0.01,1000,2.25,1
1,10,0.01,1000,4.5,0.9526
1,10,0.01,1000,9,0.6292
1,10,0.01,1000,45,0.3012
1,10,0.01,5000,2.25,1
1,10,0.01,5000,4.5,1
1,10,0.01,5000,9,0.9746
1,10,0.01,5000,45,0.3768
1,10,0.01,10000,2.25,1
1,10,0.01,10000,4.5,1
1,10,0.01,10000,9,0.9998
1,10,0.01,10000,45,0.4448
1,10,0.02,100,2.25,0.9912
1,10,0.02,100,4.5,0.7506
1,10,0.02,100,9,0.434
1,10,0.02,100,45,0.3026
1,10,0.02,1000,2.25,1
1,10,0.02,1000,4.5,1
1,10,0.02,1000,9,0.9518
1,10,0.02,1000,45,0.339
1,10,0.02,5000,2.25,1
1,10,0.02,5000,4.5,1
1,10,0.02,5000,9,1
1,10,0.02,5000,45,0.5694
1,10,0.02,10000,2.25,1
1,10,0.02,10000,4.5,1
1,10,0.02,10000,9,1
1,10,0.02,10000,45,0.7472
1,10,0.05,100,2.25,1
1,10,0.05,100,4.5,0.9994
1,10,0.05,100,9,0.8586
1,10,0.05,100,45,0.3254
1,10,0.05,1000,2.25,1
1,10,0.05,1000,4.5,1
1,10,0.05,1000,9,1
1,10,0.05,1000,45,0.6154
1,10,0.05,5000,2.25,1
1,10,0.05,5000,4.5,1
1,10,0.05,5000,9,1
1,10,0.05,5000,45,0.9782
1,10,0.05,10000,2.25,1
1,10,0.05,10000,4.5,1
1,10,0.05,10000,9,1
1,10,0.05,10000,45,0.9996
1,10,0.1,100,2.25,1
1,10,0.1,100,4.5,1
1,10,0.1,100,9,0.9994
1,10,0.1,100,45,0.4412
1,10,0.1,1000,2.25,1
1,10,0.1,1000,4.5,1
1,10,0.1,1000,9,1
1,10,0.1,1000,45,0.9488
1,10,0.1,5000,2.25,1
1,10,0.1,5000,4.5,1
1,10,0.1,5000,9,1
1,10,0.1,5000,45,1
1,10,0.1,10000,2.25,1
1,10,0.1,10000,4.5,1
1,10,0.1,10000,9,1
1,10,0.1,10000,45,1
1,10,0.2,100,2.25,1
1,10,0.2,100,4.5,1
1,10,0.2,100,9,1
1,10,0.2,100,45,0.735
1,10,0.2,1000,2.25,1
1,10,0.2,1000,4.5,1
1,10,0.2,1000,9,1
1,10,0.2,1000,45,1
1,10,0.2,5000,2.25,1
1,10,0.2,5000,4.5,1
1,10,0.2,5000,9,1
1,10,0.2,5000,45,1
1,10,0.2,10000,2.25,1
1,10,0.2,10000,4.5,1
1,10,0.2,10000,9,1
1,10,0.2,10000,45,1
1,20,0,100,2.25,0.4208
1,20,0,100,4.5,0.4138
1,20,0,100,9,0.4214
1,20,0,100,45,0.4322
1,20,0,1000,2.25,0.415
1,20,0,1000,4.5,0.4214
1,20,0,1000,9,0.4214
1,20,0,1000,45,0.4092
1,20,0,5000,2.25,0.4252
1,20,0,5000,4.5,0.4206
1,20,0,5000,9,0.423
1,20,0,5000,45,0.4244
1,20,0,10000,2.25,0.4224
1,20,0,10000,4.5,0.4316
1,20,0,10000,9,0.4234
1,20,0,10000,45,0.4316
1,20,0.01,100,2.25,0.8316
1,20,0.01,100,4.5,0.571
1,20,0.01,100,9,0.456
1,20,0.01,100,45,0.4302
1,20,0.01,1000,2.25,1
1,20,0.01,1000,4.5,0.978
1,20,0.01,1000,9,0.7446
1,20,0.01,1000,45,0.44
1,20,0.01,5000,2.25,1
1,20,0.01,5000,4.5,1
1,20,0.01,5000,9,0.9918
1,20,0.01,5000,45,0.5032
1,20,0.01,10000,2.25,1
1,20,0.01,10000,4.5,1
1,20,0.01,10000,9,1
1,20,0.01,10000,45,0.5808
1,20,0.02,100,2.25,0.998
1,20,0.02,100,4.5,0.836
1,20,0.02,100,9,0.5638
1,20,0.02,100,45,0.4304
1,20,0.02,1000,2.25,1
1,20,0.02,1000,4.5,1
1,20,0.02,1000,9,0.9776
1,20,0.02,1000,45,0.4894
1,20,0.02,5000,2.25,1
1,20,0.02,5000,4.5,1
1,20,0.02,5000,9,1
1,20,0.02,5000,45,0.696
1,20,0.02,10000,2.25,1
1,20,0.02,10000,4.5,1
1,20,0.02,10000,9,1
1,20,0.02,10000,45,0.841
1,20,0.05,100,2.25,1
1,20,0.05,100,4.5,0.9998
1,20,0.05,100,9,0.9302
1,20,0.05,100,45,0.4588
1,20,0.05,1000,2.25,1
1,20,0.05,1000,4.5,1
1,20,0.05,1000,9,1
1,20,0.05,1000,45,0.7436
1,20,0.05,5000,2.25,1
1,20,0.05,5000,4.5,1
1,20,0.05,5000,9,1
1,20,0.05,5000,45,0.9926
1,20,0.05,10000,2.25,1
1,20,0.05,10000,4.5,1
1,20,0.05,10000,9,1
1,20,0.05,10000,45,0.9998
1,20,0.1,100,2.25,1
1,20,0.1,100,4.5,1
1,20,0.1,100,9,0.9998
1,20,0.1,100,45,0.5842
1,20,0.1,1000,2.25,1
1,20,0.1,1000,4.5,1
1,20,0.1,1000,9,1
1,20,0.1,1000,45,0.9778
1,20,0.1,5000,2.25,1
1,20,0.1,5000,4.5,1
1,20,0.1,5000,9,1
1,20,0.1,5000,45,1
1,20,0.1,10000,2.25,1
1,20,0.1,10000,4.5,1
1,20,0.1,10000,9,1
1,20,0.1,10000,45,1
1,20,0.2,100,2.25,1
1,20,0.2,100,4.5,1
1,20,0.2,100,9,1
1,20,0.2,100,45,0.8352
1,20,0.2,1000,2.25,1
1,20,0.2,1000,4.5,1
1,20,0.2,1000,9,1
1,20,0.2,1000,45,1
1,20,0.2,5000,2.25,1
1,20,0.2,5000,4.5,1
1,20,0.2,5000,9,1
1,20,0.2,5000,45,1
1,20,0.2,10000,2.25,1
1,20,0.2,10000,4.5,1
1,20,0.2,10000,9,1
1,20,0.2,10000,45,1
2,1,0,100,2.25,0.0788
2,1,0,100,4.5,0.085
2,1,0,100,9,0.0848
2,1,0,100,45,0.0906
2,1,0,1000,2.25,0.078
2,1,0,1000,4.5,0.0906
2,1,0,1000,9,0.0806
2,1,0,1000,45,0.083
2,1,0,5000,2.25,0.083
2,1,0,5000,4.5,0.0876
2,1,0,5000,9,0.0832
2,1,0,5000,45,0.0832
2,1,0,10000,2.25,0.0844
2,1,0,10000,4.5,0.083
2,1,0,10000,9,0.0814
2,1,0,10000,45,0.084
2,1,0.01,100,2.25,0.3384
2,1,0.01,100,4.5,0.1488
2,1,0.01,100,9,0.111
2,1,0.01,100,45,0.0806
2,1,0.01,1000,2.25,0.9944
2,1,0.01,1000,4.5,0.6398
2,1,0.01,1000,9,0.2312
2,1,0.01,1000,45,0.0882
2,1,0.01,5000,2.25,1
2,1,0.01,5000,4.5,0.9992
2,1,0.01,5000,9,0.7464
2,1,0.01,5000,45,0.1212
2,1,0.01,10000,2.25,1
2,1,0.01,10000,4.5,1
2,1,0.01,10000,9,0.9468
2,1,0.01,10000,45,0.1572
2,1,0.02,100,2.25,0.8308
2,1,0.02,100,4.5,0.3388
2,1,0.02,100,9,0.1464
2,1,0.02,100,45,0.0878
2,1,0.02,1000,2.25,1
2,1,0.02,1000,4.5,0.995
2,1,0.02,1000,9,0.646
2,1,0.02,1000,45,0.1128
2,1,0.02,5000,2.25,1
2,1,0.02,5000,4.5,1
2,1,0.02,5000,9,0.9992
2,1,0.02,5000,45,0.2138
2,1,0.02,10000,2.25,1
2,1,0.02,10000,4.5,1
2,1,0.02,10000,9,1
2,1,0.02,10000,45,0.3412
2,1,0.05,100,2.25,1
2,1,0.05,100,4.5,0.9472
2,1,0.05,100,9,0.4554
2,1,0.05,100,45,0.097
2,1,0.05,1000,2.25,1
2,1,0.05,1000,4.5,1
2,1,0.05,1000,9,0.9998
2,1,0.05,1000,45,0.2418
2,1,0.05,5000,2.25,1
2,1,0.05,5000,4.5,1
2,1,0.05,5000,9,1
2,1,0.05,5000,45,0.7268
2,1,0.05,10000,2.25,1
2,1,0.05,10000,4.5,1
2,1,0.05,10000,9,1
2,1,0.05,10000,45,0.953
2,1,0.1,100,2.25,1
2,1,0.1,100,4.5,1
2,1,0.1,100,9,0.9516
2,1,0.1,100,45,0.1488
2,1,0.1,1000,2.25,1
2,1,0.1,1000,4.5,1
2,1,0.1,1000,9,1
2,1,0.1,1000,45,0.6442
2,1,0.1,5000,2.25,1
2,1,0.1,5000,4.5,1
2,1,0.1,5000,9,1
2,1,0.1,5000,45,0.9986
2,1,0.1,10000,2.25,1
2,1,0.1,10000,4.5,1
2,1,0.1,10000,9,1
2,1,0.1,10000,45,1
2,1,0.2,100,2.25,1
2,1,0.2,100,4.5,1
2,1,0.2,100,9,1
2,1,0.2,100,45,0.3384
2,1,0.2,1000,2.25,1
2,1,0.2,1000,4.5,1
2,1,0.2,1000,9,1
2,1,0.2,1000,45,0.9942
2,1,0.2,5000,2.25,1
2,1,0.2,5000,4.5,1
2,1,0.2,5000,9,1
2,1,0.2,5000,45,1
2,1,0.2,10000,2.25,1
2,1,0.2,10000,4.5,1
2,1,0.2,10000,9,1
2,1,0.2,10000,45,1
2,2,0,100,2.25,0.148
2,2,0,100,4.5,0.1526
2,2,0,100,9,0.1518
2,2,0,100,45,0.1402
2,2,0,1000,2.25,0.1574
2,2,0,1000,4.5,0.1542
2,2,0,1000,9,0.1488
2,2,0,1000,45,0.152
2,2,0,5000,2.25,0.1418
2,2,0,5000,4.5,0.1474
2,2,0,5000,9,0.157
2,2,0,5000,45,0.1428
2,2,0,10000,2.25,0.1462
2,2,0,10000,4.5,0.1456
2,2,0,10000,9,0.1432
2,2,0,10000,45,0.1502
2,2,0.01,100,2.25,0.478
2,2,0.01,100,4.5,0.2382
2,2,0.01,100,9,0.1764
2,2,0.01,100,45,0.1514
2,2,0.01,1000,2.25,0.9992
2,2,0.01,1000,4.5,0.8042
2,2,0.01,1000,9,0.371
2,2,0.01,1000,45,0.149
2,2,0.01,5000,2.25,1
2,2,0.01,5000,4.5,1
2,2,0.01,5000,9,0.868
2,2,0.01,5000,45,0.201
2,2,0.01,10000,2.25,1
2,2,0.01,10000,4.5,1
2,2,0.01,10000,9,0.9872
2,2,0.01,10000,45,0.2346
2,2,0.02,100,2.25,0.9274
2,2,0.02,100,4.5,0.4908
2,2,0.02,100,9,0.2442
2,2,0.02,100,45,0.1538
2,2,0.02,1000,2.25,1
2,2,0.02,1000,4.5,0.9996
2,2,0.02,1000,9,0.8004
2,2,0.02,1000,45,0.1876
2,2,0.02,5000,2.25,1
2,2,0.02,5000,4.5,1
2,2,0.02,5000,9,1
2,2,0.02,5000,45,0.339
2,2,0.02,10000,2.25,1
2,2,0.02,10000,4.5,1
2,2,0.02,10000,9,1
2,2,0.02,10000,45,0.4944
2,2,0.05,100,2.25,1
2,2,0.05,100,4.5,0.9852
2,2,0.05,100,9,0.6226
2,2,0.05,100,45,0.171
2,2,0.05,1000,2.25,1
2,2,0.05,1000,4.5,1
2,2,0.05,1000,9,1
2,2,0.05,1000,45,0.364
2,2,0.05,5000,2.25,1
2,2,0.05,5000,4.5,1
2,2,0.05,5000,9,1
2,2,0.05,5000,45,0.877
2,2,0.05,10000,2.25,1
2,2,0.05,10000,4.5,1
2,2,0.05,10000,9,1
2,2,0.05,10000,45,0.986
2,2,0.1,100,2.25,1
2,2,0.1,100,4.5,1
2,2,0.1,100,9,0.988
2,2,0.1,100,45,0.246
2,2,0.1,1000,2.25,1
2,2,0.1,1000,4.5,1
2,2,0.1,1000,9,1
2,2,0.1,1000,45,0.7978
2,2,0.1,5000,2.25,1
2,2,0.1,5000,4.5,1
2,2,0.1,5000,9,1
2,2,0.1,5000,45,0.9998
2,2,0.1,10000,2.25,1
2,2,0.1,10000,4.5,1
2,2,0.1,10000,9,1
2,2,0.1,10000,45,1
2,2,0.2,100,2.25,1
2,2,0.2,100,4.5,1
2,2,0.2,100,9,1
2,2,0.2,100,45,0.4898
2,2,0.2,1000,2.25,1
2,2,0.2,1000,4.5,1
2,2,0.2,1000,9,1
2,2,0.2,1000,45,0.9998
2,2,0.2,5000,2.25,1
2,2,0.2,5000,4.5,1
2,2,0.2,5000,9,1
2,2,0.2,5000,45,1
2,2,0.2,10000,2.25,1
2,2,0.2,10000,4.5,1
2,2,0.2,10000,9,1
2,2,0.2,10000,45,1
2,3,0,100,2.25,0.2034
2,3,0,100,4.5,0.207
2,3,0,100,9,0.214
2,3,0,100,45,0.1948
2,3,0,1000,2.25,0.1954
2,3,0,1000,4.5,0.205
2,3,0,1000,9,0.2082
2,3,0,1000,45,0.205
2,3,0,5000,2.25,0.1984
2,3,0,5000,4.5,0.2024
2,3,0,5000,9,0.1976
2,3,0,5000,45,0.2014
2,3,0,10000,2.25,0.1976
2,3,0,10000,4.5,0.2084
2,3,0,10000,9,0.1938
2,3,0,10000,45,0.1956
2,3,0.01,100,2.25,0.5776
2,3,0.01,100,4.5,0.3056
2,3,0.01,100,9,0.2234
2,3,0.01,100,45,0.207
2,3,0.01,1000,2.25,1
2,3,0.01,1000,4.5,0.8676
2,3,0.01,1000,9,0.4568
2,3,0.01,1000,45,0.2012
2,3,0.01,5000,2.25,1
2,3,0.01,5000,4.5,1
2,3,0.01,5000,9,0.9178
2,3,0.01,5000,45,0.2536
2,3,0.01,10000,2.25,1
2,3,0.01,10000,4.5,1
2,3,0.01,10000,9,0.9948
2,3,0.01,10000,45,0.3148
2,3,0.02,100,2.25,0.9604
2,3,0.02,100,4.5,0.5818
2,3,0.02,100,9,0.3038
2,3,0.02,100,45,0.2068
2,3,0.02,1000,2.25,1
2,3,0.02,1000,4.5,0.9998
2,3,0.02,1000,9,0.8704
2,3,0.02,1000,45,0.2444
2,3,0.02,5000,2.25,1
2,3,0.02,5000,4.5,1
2,3,0.02,5000,9,1
2,3,0.02,5000,45,0.4156
2,3,0.02,10000,2.25,1
2,3,0.02,10000,4.5,1
2,3,0.02,10000,9,1
2,3,0.02,10000,45,0.5988
2,3,0.05,100,2.25,1
2,3,0.05,100,4.5,0.9944
2,3,0.05,100,9,0.7016
2,3,0.05,100,45,0.2324
2,3,0.05,1000,2.25,1
2,3,0.05,1000,4.5,1
2,3,0.05,1000,9,1
2,3,0.05,1000,45,0.4624
2,3,0.05,5000,2.25,1
2,3,0.05,5000,4.5,1
2,3,0.05,5000,9,1
2,3,0.05,5000,45,0.9184
2,3,0.05,10000,2.25,1
2,3,0.05,10000,4.5,1
2,3,0.05,10000,9,1
2,3,0.05,10000,45,0.9952
2,3,0.1,100,2.25,1
2,3,0.1,100,4.5,1
2,3,0.1,100,9,0.9952
2,3,0.1,100,45,0.317
2,3,0.1,1000,2.25,1
2,3,0.1,1000,4.5,1
2,3,0.1,1000,9,1
2,3,0.1,1000,45,0.8668
2,3,0.1,5000,2.25,1
2,3,0.1,5000,4.5,1
2,3,0.1,5000,9,1
2,3,0.1,5000,45,1
2,3,0.1,10000,2.25,1
2,3,0.1,10000,4.5,1
2,3,0.1,10000,9,1
2,3,0.1,10000,45,1
2,3,0.2,100,2.25,1
2,3,0.2,100,4.5,1
2,3,0.2,100,9,1
2,3,0.2,100,45,0.582
2,3,0.2,1000,2.25,1
2,3,0.2,1000,4.5,1
2,3,0.2,1000,9,1
2,3,0.2,1000,45,1
2,3,0.2,5000,2.25,1
2,3,0.2,5000,4.5,1
2,3,0.2,5000,9,1
2,3,0.2,5000,45,1
2,3,0.2,10000,2.25,1
2,3,0.2,10000,4.5,1
2,3,0.2,10000,9,1
2,3,0.2,10000,45,1
2,5,0,100,2.25,0.2922
2,5,0,100,4.5,0.282
2,5,0,100,9,0.292
2,5,0,100,45,0.289
2,5,0,1000,2.25,0.2742
2,5,0,1000,4.5,0.2788
2,5,0,1000,9,0.2904
2,5,0,1000,45,0.2964
2,5,0,5000,2.25,0.286
2,5,0,5000,4.5,0.2872
2,5,0,5000,9,0.275
2,5,0,5000,45,0.2896
2,5,0,10000,2.25,0.2852
2,5,0,10000,4.5,0.2928
2,5,0,10000,9,0.2922
2,5,0,10000,45,0.2882
2,5,0.01,100,2.25,0.6872
2,5,0.01,100,4.5,0.4218
2,5,0.01,100,9,0.309
2,5,0.01,100,45,0.2916
2,5,0.01,1000,2.25,1
2,5,0.01,1000,4.5,0.9186
2,5,0.01,1000,9,0.5696
2,5,0.01,1000,45,0.2988
2,5,0.01,5000,2.25,1
2,5,0.01,5000,4.5,1
2,5,0.01,5000,9,0.9574
2,5,0.01,5000,45,0.3466
2,5,0.01,10000,2.25,1
2,5,0.01,10000,4.5,1
2,5,0.01,10000,9,0.9988
2,5,0.01,10000,45,0.4212
2,5,0.02,100,2.25,0.983
2,5,0.02,100,4.5,0.6886
2,5,0.02,100,9,0.4184
2,5,0.02,100,45,0.3112
2,5,0.02,1000,2.25,1
2,5,0.02,1000,4.5,1
2,5,0.02,1000,9,0.9236
2,5,0.02,1000,45,0.35
2,5,0.02,5000,2.25,1
2,5,0.02,5000,4.5,1
2,5,0.02,5000,9,1
2,5,0.02,5000,45,0.5402
2,5,0.02,10000,2.25,1
2,5,0.02,10000,4.5,1
2,5,0.02,10000,9,1
2,5,0.02,10000,45,0.691
2,5,0.05,100,2.25,1
2,5,0.05,100,4.5,0.9982
2,5,0.05,100,9,0.8084
2,5,0.05,100,45,0.3246
2,5,0.05,1000,2.25,1
2,5,0.05,1000,4.5,1
2,5,0.05,1000,9,1
2,5,0.05,1000,45,0.5676
2,5,0.05,5000,2.25,1
2,5,0.05,5000,4.5,1
2,5,0.05,5000,9,1
2,5,0.05,5000,45,0.9564
2,5,0.05,10000,2.25,1
2,5,0.05,10000,4.5,1
2,5,0.05,10000,9,1
2,5,0.05,10000,45,0.999
2,5,0.1,100,2.25,1
2,5,0.1,100,4.5,1
2,5,0.1,100,9,0.9984
2,5,0.1,100,45,0.4188
2,5,0.1,1000,2.25,1
2,5,0.1,1000,4.5,1
2,5,0.1,1000,9,1
2,5,0.1,1000,45,0.9142
2,5,0.1,5000,2.25,1
2,5,0.1,5000,4.5,1
2,5,0.1,5000,9,1
2,5,0.1,5000,45,1
2,5,0.1,10000,2.25,1
2,5,0.1,10000,4.5,1
2,5,0.1,10000,9,1
2,5,0.1,10000,45,1
2,5,0.2,100,2.25,1
2,5,0.2,100,4.5,1
2,5,0.2,100,9,1
2,5,0.2,100,45,0.6892
2,5,0.2,1000,2.25,1
2,5,0.2,1000,4.5,1
2,5,0.2,1000,9,1
2,5,0.2,1000,45,1
2,5,0.2,5000,2.25,1
2,5,0.2,5000,4.5,1
2,5,0.2,5000,9,1
2,5,0.2,5000,45,1
2,5,0.2,10000,2.25,1
2,5,0.2,10000,4.5,1
2,5,0.2,10000,9,1
2,5,0.2,10000,45,1
2,10,0,100,2.25,0.434
2,10,0,100,4.5,0.4422
2,10,0,100,9,0.448
2,10,0,100,45,0.4322
2,10,0,1000,2.25,0.423
2,10,0,1000,4.5,0.4332
2,10,0,1000,9,0.4316
2,10,0,1000,45,0.4386
2,10,0,5000,2.25,0.4316
2,10,0,5000,4.5,0.4398
2,10,0,5000,9,0.4408
2,10,0,5000,45,0.4286
2,10,0,10000,2.25,0.4248
2,10,0,10000,4.5,0.4334
2,10,0,10000,9,0.4336
2,10,0,10000,45,0.4416
2,10,0.01,100,2.25,0.8104
2,10,0.01,100,4.5,0.5708
2,10,0.01,100,9,0.4616
2,10,0.01,100,45,0.4454
2,10,0.01,1000,2.25,1
2,10,0.01,1000,4.5,0.97
2,10,0.01,1000,9,0.704
2,10,0.01,1000,45,0.435
2,10,0.01,5000,2.25,1
2,10,0.01,5000,4.5,1
2,10,0.01,5000,9,0.984
2,10,0.01,5000,45,0.4952
2,10,0.01,10000,2.25,1
2,10,0.01,10000,4.5,1
2,10,0.01,10000,9,0.9998
2,10,0.01,10000,45,0.5628
2,10,0.02,100,2.25,0.9962
2,10,0.02,100,4.5,0.7934
2,10,0.02,100,9,0.5522
2,10,0.02,100,45,0.4406
2,10,0.02,1000,2.25,1
2,10,0.02,1000,4.5,1
2,10,0.02,1000,9,0.9644
2,10,0.02,1000,45,0.4916
2,10,0.02,5000,2.25,1
2,10,0.02,5000,4.5,1
2,10,0.02,5000,9,1
2,10,0.02,5000,45,0.6602
2,10,0.02,10000,2.25,1
2,10,0.02,10000,4.5,1
2,10,0.02,10000,9,1
2,10,0.02,10000,45,0.8144
2,10,0.05,100,2.25,1
2,10,0.05,100,4.5,0.9992
2,10,0.05,100,9,0.9
2,10,0.05,100,45,0.4688
2,10,0.05,1000,2.25,1
2,10,0.05,1000,4.5,1
2,10,0.05,1000,9,1
2,10,0.05,1000,45,0.7096
2,10,0.05,5000,2.25,1
2,10,0.05,5000,4.5,1
2,10,0.05,5000,9,1
2,10,0.05,5000,45,0.9848
2,10,0.05,10000,2.25,1
2,10,0.05,10000,4.5,1
2,10,0.05,10000,9,1
2,10,0.05,10000,45,0.9998
2,10,0.1,100,2.25,1
2,10,0.1,100,4.5,1
2,10,0.1,100,9,0.9998
2,10,0.1,100,45,0.5568
2,10,0.1,1000,2.25,1
2,10,0.1,1000,4.5,1
2,10,0.1,1000,9,1
2,10,0.1,1000,45,0.9656
2,10,0.1,5000,2.25,1
2,10,0.1,5000,4.5,1
2,10,0.1,5000,9,1
2,10,0.1,5000,45,1
2,10,0.1,10000,2.25,1
2,10,0.1,10000,4.5,1
2,10,0.1,10000,9,1
2,10,0.1,10000,45,1
2,10,0.2,100,2.25,1
2,10,0.2,100,4.5,1
2,10,0.2,100,9,1
2,10,0.2,100,45,0.8108
2,10,0.2,1000,2.25,1
2,10,0.2,1000,4.5,1
2,10,0.2,1000,9,1
2,10,0.2,1000,45,1
2,10,0.2,5000,2.25,1
2,10,0.2,5000,4.5,1
2,10,0.2,5000,9,1
2,10,0.2,5000,45,1
2,10,0.2,10000,2.25,1
2,10,0.2,10000,4.5,1
2,10,0.2,10000,9,1
2,10,0.2,10000,45,1
2,20,0,100,2.25,0.6048
2,20,0,100,4.5,0.5948
2,20,0,100,9,0.5966
2,20,0,100,45,0.6028
2,20,0,1000,2.25,0.5996
2,20,0,1000,4.5,0.5972
2,20,0,1000,9,0.6012
2,20,0,1000,45,0.5806
2,20,0,5000,2.25,0.611
2,20,0,5000,4.5,0.6008
2,20,0,5000,9,0.6104
2,20,0,5000,45,0.5852
2,20,0,10000,2.25,0.5948
2,20,0,10000,4.5,0.602
2,20,0,10000,9,0.6014
2,20,0,10000,45,0.601
2,20,0.01,100,2.25,0.891
2,20,0.01,100,4.5,0.702
2,20,0.01,100,9,0.6244
2,20,0.01,100,45,0.5918
2,20,0.01,1000,2.25,1
2,20,0.01,1000,4.5,0.9844
2,20,0.01,1000,9,0.8264
2,20,0.01,1000,45,0.6094
2,20,0.01,5000,2.25,1
2,20,0.01,5000,4.5,1
2,20,0.01,5000,9,0.996
2,20,0.01,5000,45,0.6564
2,20,0.01,10000,2.25,1
2,20,0.01,10000,4.5,1
2,20,0.01,10000,9,1
2,20,0.01,10000,45,0.7166
2,20,0.02,100,2.25,0.997
2,20,0.02,100,4.5,0.8878
2,20,0.02,100,9,0.7158
2,20,0.02,100,45,0.5976
2,20,0.02,1000,2.25,1
2,20,0.02,1000,4.5,1
2,20,0.02,1000,9,0.988
2,20,0.02,1000,45,0.6476
2,20,0.02,5000,2.25,1
2,20,0.02,5000,4.5,1
2,20,0.02,5000,9,1
2,20,0.02,5000,45,0.7946
2,20,0.02,10000,2.25,1
2,20,0.02,10000,4.5,1
2,20,0.02,10000,9,1
2,20,0.02,10000,45,0.8896
2,20,0.05,100,2.25,1
2,20,0.05,100,4.5,1
2,20,0.05,100,9,0.9516
2,20,0.05,100,45,0.6294
2,20,0.05,1000,2.25,1
2,20,0.05,1000,4.5,1
2,20,0.05,1000,9,1
2,20,0.05,1000,45,0.8248
2,20,0.05,5000,2.25,1
2,20,0.05,5000,4.5,1
2,20,0.05,5000,9,1
2,20,0.05,5000,45,0.995
2,20,0.05,10000,2.25,1
2,20,0.05,10000,4.5,1
2,20,0.05,10000,9,1
2,20,0.05,10000,45,0.9998
2,20,0.1,100,2.25,1
2,20,0.1,100,4.5,1
2,20,0.1,100,9,0.9996
2,20,0.1,100,45,0.7158
2,20,0.1,1000,2.25,1
2,20,0.1,1000,4.5,1
2,20,0.1,1000,9,1
2,20,0.1,1000,45,0.986
2,20,0.1,5000,2.25,1
2,20,0.1,5000,4.5,1
2,20,0.1,5000,9,1
2,20,0.1,5000,45,1
2,20,0.1,10000,2.25,1
2,20,0.1,10000,4.5,1
2,20,0.1,10000,9,1
2,20,0.1,10000,45,1
2,20,0.2,100,2.25,1
2,20,0.2,100,4.5,1
2,20,0.2,100,9,1
2,20,0.2,100,45,0.8886
2,20,0.2,1000,2.25,1
2,20,0.2,1000,4.5,1
2,20,0.2,1000,9,1
2,20,0.2,1000,45,1
2,20,0.2,5000,2.25,1
2,20,0.2,5000,4.5,1
2,20,0.2,5000,9,1
2,20,0.2,5000,45,1
2,20,0.2,10000,2.25,1
2,20,0.2,10000,4.5,1
2,20,0.2,10000,9,1
2,20,0.2,10000,45,1
3,1,0,100,2.25,0.1064
3,1,0,100,4.5,0.105
3,1,0,100,9,0.1054
3,1,0,100,45,0.108
3,1,0,1000,2.25,0.1074
3,1,0,1000,4.5,0.1136
3,1,0,1000,9,0.1202
3,1,0,1000,45,0.1024
3,1,0,5000,2.25,0.1056
3,1,0,5000,4.5,0.1096
3,1,0,5000,9,0.1126
3,1,0,5000,45,0.1076
3,1,0,10000,2.25,0.1024
3,1,0,10000,4.5,0.1138
3,1,0,10000,9,0.1042
3,1,0,10000,45,0.107
3,1,0.01,100,2.25,0.3626
3,1,0.01,100,4.5,0.1702
3,1,0.01,100,9,0.1252
3,1,0.01,100,45,0.1154
3,1,0.01,1000,2.25,0.9962
3,1,0.01,1000,4.5,0.6578
3,1,0.01,1000,9,0.2692
3,1,0.01,1000,45,0.1084
3,1,0.01,5000,2.25,1
3,1,0.01,5000,4.5,0.9982
3,1,0.01,5000,9,0.755
3,1,0.01,5000,45,0.1422
3,1,0.01,10000,2.25,1
3,1,0.01,10000,4.5,1
3,1,0.01,10000,9,0.9532
3,1,0.01,10000,45,0.1788
3,1,0.02,100,2.25,0.8224
3,1,0.02,100,4.5,0.3656
3,1,0.02,100,9,0.1756
3,1,0.02,100,45,0.1092
3,1,0.02,1000,2.25,1
3,1,0.02,1000,4.5,0.9958
3,1,0.02,1000,9,0.6648
3,1,0.02,1000,45,0.1384
3,1,0.02,5000,2.25,1
3,1,0.02,5000,4.5,1
3,1,0.02,5000,9,0.9992
3,1,0.02,5000,45,0.2376
3,1,0.02,10000,2.25,1
3,1,0.02,10000,4.5,1
3,1,0.02,10000,9,1
3,1,0.02,10000,45,0.353
3,1,0.05,100,2.25,1
3,1,0.05,100,4.5,0.9512
3,1,0.05,100,9,0.486
3,1,0.05,100,45,0.119
3,1,0.05,1000,2.25,1
3,1,0.05,1000,4.5,1
3,1,0.05,1000,9,1
3,1,0.05,1000,45,0.2686
3,1,0.05,5000,2.25,1
3,1,0.05,5000,4.5,1
3,1,0.05,5000,9,1
3,1,0.05,5000,45,0.7518
3,1,0.05,10000,2.25,1
3,1,0.05,10000,4.5,1
3,1,0.05,10000,9,1
3,1,0.05,10000,45,0.9524
3,1,0.1,100,2.25,1
3,1,0.1,100,4.5,1
3,1,0.1,100,9,0.9492
3,1,0.1,100,45,0.1698
3,1,0.1,1000,2.25,1
3,1,0.1,1000,4.5,1
3,1,0.1,1000,9,1
3,1,0.1,1000,45,0.6698
3,1,0.1,5000,2.25,1
3,1,0.1,5000,4.5,1
3,1,0.1,5000,9,1
3,1,0.1,5000,45,0.9994
3,1,0.1,10000,2.25,1
3,1,0.1,10000,4.5,1
3,1,0.1,10000,9,1
3,1,0.1,10000,45,1
3,1,0.2,100,2.25,1
3,1,0.2,100,4.5,1
3,1,0.2,100,9,1
3,1,0.2,100,45,0.3604
3,1,0.2,1000,2.25,1
3,1,0.2,1000,4.5,1
3,1,0.2,1000,9,1
3,1,0.2,1000,45,0.9948
3,1,0.2,5000,2.25,1
3,1,0.2,5000,4.5,1
3,1,0.2,5000,9,1
3,1,0.2,5000,45,1
3,1,0.2,10000,2.25,1
3,1,0.2,10000,4.5,1
3,1,0.2,10000,9,1
3,1,0.2,10000,45,1
3,2,0,100,2.25,0.1794
3,2,0,100,4.5,0.1858
3,2,0,100,9,0.1828
3,2,0,100,45,0.189
3,2,0,1000,2.25,0.1928
3,2,0,1000,4.5,0.1842
3,2,0,1000,9,0.1848
3,2,0,1000,45,0.1892
3,2,0,5000,2.25,0.2012
3,2,0,5000,4.5,0.1798
3,2,0,5000,9,0.188
3,2,0,5000,45,0.191
3,2,0,10000,2.25,0.182
3,2,0,10000,4.5,0.1922
3,2,0,10000,9,0.1912
3,2,0,10000,45,0.1692
3,2,0.01,100,2.25,0.5234
3,2,0.01,100,4.5,0.2726
3,2,0.01,100,9,0.212
3,2,0.01,100,45,0.1896
3,2,0.01,1000,2.25,0.9994
3,2,0.01,1000,4.5,0.8174
3,2,0.01,1000,9,0.417
3,2,0.01,1000,45,0.2084
3,2,0.01,5000,2.25,1
3,2,0.01,5000,4.5,1
3,2,0.01,5000,9,0.8812
3,2,0.01,5000,45,0.248
3,2,0.01,10000,2.25,1
3,2,0.01,10000,4.5,1
3,2,0.01,10000,9,0.9892
3,2,0.01,10000,45,0.2898
3,2,0.02,100,2.25,0.9404
3,2,0.02,100,4.5,0.5264
3,2,0.02,100,9,0.2714
3,2,0.02,100,45,0.1906
3,2,0.02,1000,2.25,1
3,2,0.02,1000,4.5,0.9988
3,2,0.02,1000,9,0.8278
3,2,0.02,1000,45,0.2324
3,2,0.02,5000,2.25,1
3,2,0.02,5000,4.5,1
3,2,0.02,5000,9,1
3,2,0.02,5000,45,0.3712
3,2,0.02,10000,2.25,1
3,2,0.02,10000,4.5,1
3,2,0.02,10000,9,1
3,2,0.02,10000,45,0.5396
3,2,0.05,100,2.25,1
3,2,0.05,100,4.5,0.9894
3,2,0.05,100,9,0.665
3,2,0.05,100,45,0.2124
3,2,0.05,1000,2.25,1
3,2,0.05,1000,4.5,1
3,2,0.05,1000,9,1
3,2,0.05,1000,45,0.4126
3,2,0.05,5000,2.25,1
3,2,0.05,5000,4.5,1
3,2,0.05,5000,9,1
3,2,0.05,5000,45,0.8888
3,2,0.05,10000,2.25,1
3,2,0.05,10000,4.5,1
3,2,0.05,10000,9,1
3,2,0.05,10000,45,0.9906
3,2,0.1,100,2.25,1
3,2,0.1,100,4.5,1
3,2,0.1,100,9,0.9896
3,2,0.1,100,45,0.2936
3,2,0.1,1000,2.25,1
3,2,0.1,1000,4.5,1
3,2,0.1,1000,9,1
3,2,0.1,1000,45,0.8286
3,2,0.1,5000,2.25,1
3,2,0.1,5000,4.5,1
3,2,0.1,5000,9,1
3,2,0.1,5000,45,1
3,2,0.1,10000,2.25,1
3,2,0.1,10000,4.5,1
3,2,0.1,10000,9,1
3,2,0.1,10000,45,1
3,2,0.2,100,2.25,1
3,2,0.2,100,4.5,1
3,2,0.2,100,9,1
3,2,0.2,100,45,0.5268
3,2,0.2,1000,2.25,1
3,2,0.2,1000,4.5,1
3,2,0.2,1000,9,1
3,2,0.2,1000,45,1
3,2,0.2,5000,2.25,1
3,2,0.2,5000,4.5,1
3,2,0.2,5000,9,1
3,2,0.2,5000,45,1
3,2,0.2,10000,2.25,1
3,2,0.2,10000,4.5,1
3,2,0.2,10000,9,1
3,2,0.2,10000,45,1
3,3,0,100,2.25,0.2676
3,3,0,100,4.5,0.2564
3,3,0,100,9,0.2508
3,3,0,100,45,0.2532
3,3,0,1000,2.25,0.2378
3,3,0,1000,4.5,0.259
3,3,0,1000,9,0.2618
3,3,0,1000,45,0.2496
3,3,0,5000,2.25,0.258
3,3,0,5000,4.5,0.258
3,3,0,5000,9,0.2504
3,3,0,5000,45,0.2602
3,3,0,10000,2.25,0.2484
3,3,0,10000,4.5,0.264
3,3,0,10000,9,0.2438
3,3,0,10000,45,0.255
3,3,0.01,100,2.25,0.6268
3,3,0.01,100,4.5,0.349
3,3,0.01,100,9,0.29
3,3,0.01,100,45,0.2614
3,3,0.01,1000,2.25,1
3,3,0.01,1000,4.5,0.8794
3,3,0.01,1000,9,0.5028
3,3,0.01,1000,45,0.2672
3,3,0.01,5000,2.25,1
3,3,0.01,5000,4.5,1
3,3,0.01,5000,9,0.9336
3,3,0.01,5000,45,0.316
3,3,0.01,10000,2.25,1
3,3,0.01,10000,4.5,1
3,3,0.01,10000,9,0.9968
3,3,0.01,10000,45,0.3588
3,3,0.02,100,2.25,0.9698
3,3,0.02,100,4.5,0.6128
3,3,0.02,100,9,0.3526
3,3,0.02,100,45,0.256
3,3,0.02,1000,2.25,1
3,3,0.02,1000,4.5,0.9996
3,3,0.02,1000,9,0.88
3,3,0.02,1000,45,0.3098
3,3,0.02,5000,2.25,1
3,3,0.02,5000,4.5,1
3,3,0.02,5000,9,1
3,3,0.02,5000,45,0.4778
3,3,0.02,10000,2.25,1
3,3,0.02,10000,4.5,1
3,3,0.02,10000,9,1
3,3,0.02,10000,45,0.6148
3,3,0.05,100,2.25,1
3,3,0.05,100,4.5,0.9964
3,3,0.05,100,9,0.7522
3,3,0.05,100,45,0.2894
3,3,0.05,1000,2.25,1
3,3,0.05,1000,4.5,1
3,3,0.05,1000,9,1
3,3,0.05,1000,45,0.507
3,3,0.05,5000,2.25,1
3,3,0.05,5000,4.5,1
3,3,0.05,5000,9,1
3,3,0.05,5000,45,0.9258
3,3,0.05,10000,2.25,1
3,3,0.05,10000,4.5,1
3,3,0.05,10000,9,1
3,3,0.05,10000,45,0.9958
3,3,0.1,100,2.25,1
3,3,0.1,100,4.5,1
3,3,0.1,100,9,0.996
3,3,0.1,100,45,0.3566
3,3,0.1,1000,2.25,1
3,3,0.1,1000,4.5,1
3,3,0.1,1000,9,1
3,3,0.1,1000,45,0.883
3,3,0.1,5000,2.25,1
3,3,0.1,5000,4.5,1
3,3,0.1,5000,9,1
3,3,0.1,5000,45,1
3,3,0.1,10000,2.25,1
3,3,0.1,10000,4.5,1
3,3,0.1,10000,9,1
3,3,0.1,10000,45,1
3,3,0.2,100,2.25,1
3,3,0.2,100,4.5,1
3,3,0.2,100,9,1
3,3,0.2,100,45,0.6162
3,3,0.2,1000,2.25,1
3,3,0.2,1000,4.5,1
3,3,0.2,1000,9,1
3,3,0.2,1000,45,1
3,3,0.2,5000,2.25,1
3,3,0.2,5000,4.5,1
3,3,0.2,5000,9,1
3,3,0.2,5000,45,1
3,3,0.2,10000,2.25,1
3,3,0.2,10000,4.5,1
3,3,0.2,10000,9,1
3,3,0.2,10000,45,1
3,5,0,100,2.25,0.3542
3,5,0,100,4.5,0.3522
3,5,0,100,9,0.3666
3,5,0,100,45,0.3508
3,5,0,1000,2.25,0.3578
3,5,0,1000,4.5,0.351
3,5,0,1000,9,0.3574
3,5,0,1000,45,0.3582
3,5,0,5000,2.25,0.3466
3,5,0,5000,4.5,0.36
3,5,0,5000,9,0.357
3,5,0,5000,45,0.346
3,5,0,10000,2.25,0.3432
3,5,0,10000,4.5,0.352
3,5,0,10000,9,0.3492
3,5,0,10000,45,0.363
3,5,0.01,100,2.25,0.7228
3,5,0.01,100,4.5,0.4768
3,5,0.01,100,9,0.3954
3,5,0.01,100,45,0.3564
3,5,0.01,1000,2.25,1
3,5,0.01,1000,4.5,0.9316
3,5,0.01,1000,9,0.6238
3,5,0.01,1000,45,0.3662
3,5,0.01,5000,2.25,1
3,5,0.01,5000,4.5,1
3,5,0.01,5000,9,0.962
3,5,0.01,5000,45,0.4084
3,5,0.01,10000,2.25,1
3,5,0.01,10000,4.5,1
3,5,0.01,10000,9,0.9984
3,5,0.01,10000,45,0.478
3,5,0.02,100,2.25,0.9862
3,5,0.02,100,4.5,0.7304
3,5,0.02,100,9,0.4614
3,5,0.02,100,45,0.3624
3,5,0.02,1000,2.25,1
3,5,0.02,1000,4.5,1
3,5,0.02,1000,9,0.9458
3,5,0.02,1000,45,0.4108
3,5,0.02,5000,2.25,1
3,5,0.02,5000,4.5,1
3,5,0.02,5000,9,1
3,5,0.02,5000,45,0.5726
3,5,0.02,10000,2.25,1
3,5,0.02,10000,4.5,1
3,5,0.02,10000,9,1
3,5,0.02,10000,45,0.74
3,5,0.05,100,2.25,1
3,5,0.05,100,4.5,0.9988
3,5,0.05,100,9,0.8438
3,5,0.05,100,45,0.3812
3,5,0.05,1000,2.25,1
3,5,0.05,1000,4.5,1
3,5,0.05,1000,9,1
3,5,0.05,1000,45,0.6334
3,5,0.05,5000,2.25,1
3,5,0.05,5000,4.5,1
3,5,0.05,5000,9,1
3,5,0.05,5000,45,0.9658
3,5,0.05,10000,2.25,1
3,5,0.05,10000,4.5,1
3,5,0.05,10000,9,1
3,5,0.05,10000,45,0.9996
3,5,0.1,100,2.25,1
3,5,0.1,100,4.5,1
3,5,0.1,100,9,0.998
3,5,0.1,100,45,0.4806
3,5,0.1,1000,2.25,1
3,5,0.1,1000,4.5,1
3,5,0.1,1000,9,1
3,5,0.1,1000,45,0.9342
3,5,0.1,5000,2.25,1
3,5,0.1,5000,4.5,1
3,5,0.1,5000,9,1
3,5,0.1,5000,45,1
3,5,0.1,10000,2.25,1
3,5,0.1,10000,4.5,1
3,5,0.1,10000,9,1
3,5,0.1,10000,45,1
3,5,0.2,100,2.25,1
3,5,0.2,100,4.5,1
3,5,0.2,100,9,1
3,5,0.2,100,45,0.7344
3,5,0.2,1000,2.25,1
3,5,0.2,1000,4.5,1
3,5,0.2,1000,9,1
3,5,0.2,1000,45,1
3,5,0.2,5000,2.25,1
3,5,0.2,5000,4.5,1
3,5,0.2,5000,9,1
3,5,0.2,5000,45,1
3,5,0.2,10000,2.25,1
3,5,0.2,10000,4.5,1
3,5,0.2,10000,9,1
3,5,0.2,10000,45,1
3,10,0,100,2.25,0.5312
3,10,0,100,4.5,0.5188
3,10,0,100,9,0.5158
3,10,0,100,45,0.533
3,10,0,1000,2.25,0.525
3,10,0,1000,4.5,0.5252
3,10,0,1000,9,0.5316
3,10,0,1000,45,0.5118
3,10,0,5000,2.25,0.5334
3,10,0,5000,4.5,0.5236
3,10,0,5000,9,0.519
3,10,0,5000,45,0.5316
3,10,0,10000,2.25,0.5278
3,10,0,10000,4.5,0.513
3,10,0,10000,9,0.5284
3,10,0,10000,45,0.5266
3,10,0.01,100,2.25,0.842
3,10,0.01,100,4.5,0.6482
3,10,0.01,100,9,0.5544
3,10,0.01,100,45,0.5436
3,10,0.01,1000,2.25,1
3,10,0.01,1000,4.5,0.9754
3,10,0.01,1000,9,0.7634
3,10,0.01,1000,45,0.5274
3,10,0.01,5000,2.25,1
3,10,0.01,5000,4.5,1
3,10,0.01,5000,9,0.9892
3,10,0.01,5000,45,0.5838
3,10,0.01,10000,2.25,1
3,10,0.01,10000,4.5,1
3,10,0.01,10000,9,0.9998
3,10,0.01,10000,45,0.6316
3,10,0.02,100,2.25,0.9972
3,10,0.02,100,4.5,0.834
3,10,0.02,100,9,0.6336
3,10,0.02,100,45,0.5156
3,10,0.02,1000,2.25,1
3,10,0.02,1000,4.5,1
3,10,0.02,1000,9,0.9674
3,10,0.02,1000,45,0.5692
3,10,0.02,5000,2.25,1
3,10,0.02,5000,4.5,1
3,10,0.02,5000,9,1
3,10,0.02,5000,45,0.7228
3,10,0.02,10000,2.25,1
3,10,0.02,10000,4.5,1
3,10,0.02,10000,9,1
3,10,0.02,10000,45,0.8508
3,10,0.05,100,2.25,1
3,10,0.05,100,4.5,0.9994
3,10,0.05,100,9,0.9146
3,10,0.05,100,45,0.5516
3,10,0.05,1000,2.25,1
3,10,0.05,1000,4.5,1
3,10,0.05,1000,9,1
3,10,0.05,1000,45,0.7632
3,10,0.05,5000,2.25,1
3,10,0.05,5000,4.5,1
3,10,0.05,5000,9,1
3,10,0.05,5000,45,0.9896
3,10,0.05,10000,2.25,1
3,10,0.05,10000,4.5,1
3,10,0.05,10000,9,1
3,10,0.05,10000,45,0.9998
3,10,0.1,100,2.25,1
3,10,0.1,100,4.5,1
3,10,0.1,100,9,1
3,10,0.1,100,45,0.6442
3,10,0.1,1000,2.25,1
3,10,0.1,1000,4.5,1
3,10,0.1,1000,9,1
3,10,0.1,1000,45,0.9776
3,10,0.1,5000,2.25,1
3,10,0.1,5000,4.5,1
3,10,0.1,5000,9,1
3,10,0.1,5000,45,1
3,10,0.1,10000,2.25,1
3,10,0.1,10000,4.5,1
3,10,0.1,10000,9,1
3,10,0.1,10000,45,1
3,10,0.2,100,2.25,1
3,10,0.2,100,4.5,1
3,10,0.2,100,9,1
3,10,0.2,100,45,0.8452
3,10,0.2,1000,2.25,1
3,10,0.2,1000,4.5,1
3,10,0.2,1000,9,1
3,10,0.2,1000,45,1
3,10,0.2,5000,2.25,1
3,10,0.2,5000,4.5,1
3,10,0.2,5000,9,1
3,10,0.2,5000,45,1
3,10,0.2,10000,2.25,1
3,10,0.2,10000,4.5,1
3,10,0.2,10000,9,1
3,10,0.2,10000,45,1
3,20,0,100,2.25,0.685
3,20,0,100,4.5,0.6972
3,20,0,100,9,0.6924
3,20,0,100,45,0.694
3,20,0,1000,2.25,0.6934
3,20,0,1000,4.5,0.6984
3,20,0,1000,9,0.7046
3,20,0,1000,45,0.6974
3,20,0,5000,2.25,0.7026
3,20,0,5000,4.5,0.6952
3,20,0,5000,9,0.6906
3,20,0,5000,45,0.6998
3,20,0,10000,2.25,0.6978
3,20,0,10000,4.5,0.6932
3,20,0,10000,9,0.6898
3,20,0,10000,45,0.6898
3,20,0.01,100,2.25,0.9192
3,20,0.01,100,4.5,0.7764
3,20,0.01,100,9,0.718
3,20,0.01,100,45,0.6974
3,20,0.01,1000,2.25,1
3,20,0.01,1000,4.5,0.992
3,20,0.01,1000,9,0.8678
3,20,0.01,1000,45,0.6946
3,20,0.01,5000,2.25,1
3,20,0.01,5000,4.5,1
3,20,0.01,5000,9,0.995
3,20,0.01,5000,45,0.7402
3,20,0.01,10000,2.25,1
3,20,0.01,10000,4.5,1
3,20,0.01,10000,9,1
3,20,0.01,10000,45,0.785
3,20,0.02,100,2.25,0.9996
3,20,0.02,100,4.5,0.9284
3,20,0.02,100,9,0.7802
3,20,0.02,100,45,0.7026
3,20,0.02,1000,2.25,1
3,20,0.02,1000,4.5,1
3,20,0.02,1000,9,0.9928
3,20,0.02,1000,45,0.7482
3,20,0.02,5000,2.25,1
3,20,0.02,5000,4.5,1
3,20,0.02,5000,9,1
3,20,0.02,5000,45,0.8502
3,20,0.02,10000,2.25,1
3,20,0.02,10000,4.5,1
3,20,0.02,10000,9,1
3,20,0.02,10000,45,0.9166
3,20,0.05,100,2.25,1
3,20,0.05,100,4.5,1
3,20,0.05,100,9,0.9656
3,20,0.05,100,45,0.7306
3,20,0.05,1000,2.25,1
3,20,0.05,1000,4.5,1
3,20,0.05,1000,9,1
3,20,0.05,1000,45,0.8684
3,20,0.05,5000,2.25,1
3,20,0.05,5000,4.5,1
3,20,0.05,5000,9,1
3,20,0.05,5000,45,0.9964
3,20,0.05,10000,2.25,1
3,20,0.05,10000,4.5,1
3,20,0.05,10000,9,1
3,20,0.05,10000,45,1
3,20,0.1,100,2.25,1
3,20,0.1,100,4.5,1
3,20,0.1,100,9,0.9998
3,20,0.1,100,45,0.7868
3,20,0.1,1000,2.25,1
3,20,0.1,1000,4.5,1
3,20,0.1,1000,9,1
3,20,0.1,1000,45,0.9906
3,20,0.1,5000,2.25,1
3,20,0.1,5000,4.5,1
3,20,0.1,5000,9,1
3,20,0.1,5000,45,1
3,20,0.1,10000,2.25,1
3,20,0.1,10000,4.5,1
3,20,0.1,10000,9,1
3,20,0.1,10000,45,1
3,20,0.2,100,2.25,1
3,20,0.2,100,4.5,1
3,20,0.2,100,9,1
3,20,0.2,100,45,0.922
3,20,0.2,1000,2.25,1
3,20,0.2,1000,4.5,1
3,20,0.2,1000,9,1
3,20,0.2,1000,45,1
3,20,0.2,5000,2.25,1
3,20,0.2,5000,4.5,1
3,20,0.2,5000,9,1
3,20,0.2,5000,45,1
3,20,0.2,10000,2.25,1
3,20,0.2,10000,4.5,1
3,20,0.2,10000,9,1
3,20,0.2,10000,45,1
5,1,0,100,2.25,0.1352
5,1,0,100,4.5,0.1444
5,1,0,100,9,0.1398
5,1,0,100,45,0.1374
5,1,0,1000,2.25,0.1474
5,1,0,1000,4.5,0.14
5,1,0,1000,9,0.1376
5,1,0,1000,45,0.1454
5,1,0,5000,2.25,0.1486
5,1,0,5000,4.5,0.1422
5,1,0,5000,9,0.1446
5,1,0,5000,45,0.1484
5,1,0,10000,2.25,0.1408
5,1,0,10000,4.5,0.142
5,1,0,10000,9,0.1432
5,1,0,10000,45,0.1516
5,1,0.01,100,2.25,0.3964
5,1,0.01,100,4.5,0.216
5,1,0.01,100,9,0.1544
5,1,0.01,100,45,0.1452
5,1,0.01,1000,2.25,0.9954
5,1,0.01,1000,4.5,0.6982
5,1,0.01,1000,9,0.3156
5,1,0.01,1000,45,0.1532
5,1,0.01,5000,2.25,1
5,1,0.01,5000,4.5,0.999
5,1,0.01,5000,9,0.7692
5,1,0.01,5000,45,0.1722
5,1,0.01,10000,2.25,1
5,1,0.01,10000,4.5,1
5,1,0.01,10000,9,0.9608
5,1,0.01,10000,45,0.2166
5,1,0.02,100,2.25,0.8582
5,1,0.02,100,4.5,0.4008
5,1,0.02,100,9,0.2164
5,1,0.02,100,45,0.1492
5,1,0.02,1000,2.25,1
5,1,0.02,1000,4.5,0.995
5,1,0.02,1000,9,0.6886
5,1,0.02,1000,45,0.1576
5,1,0.02,5000,2.25,1
5,1,0.02,5000,4.5,1
5,1,0.02,5000,9,0.9988
5,1,0.02,5000,45,0.2788
5,1,0.02,10000,2.25,1
5,1,0.02,10000,4.5,1
5,1,0.02,10000,9,1
5,1,0.02,10000,45,0.4124
5,1,0.05,100,2.25,1
5,1,0.05,100,4.5,0.959
5,1,0.05,100,9,0.51
5,1,0.05,100,45,0.1516
5,1,0.05,1000,2.25,1
5,1,0.05,1000,4.5,1
5,1,0.05,1000,9,1
5,1,0.05,1000,45,0.3174
5,1,0.05,5000,2.25,1
5,1,0.05,5000,4.5,1
5,1,0.05,5000,9,1
5,1,0.05,5000,45,0.7644
5,1,0.05,10000,2.25,1
5,1,0.05,10000,4.5,1
5,1,0.05,10000,9,1
5,1,0.05,10000,45,0.9602
5,1,0.1,100,2.25,1
5,1,0.1,100,4.5,1
5,1,0.1,100,9,0.9568
5,1,0.1,100,45,0.2088
5,1,0.1,1000,2.25,1
5,1,0.1,1000,4.5,1
5,1,0.1,1000,9,1
5,1,0.1,1000,45,0.6906
5,1,0.1,5000,2.25,1
5,1,0.1,5000,4.5,1
5,1,0.1,5000,9,1
5,1,0.1,5000,45,0.9992
5,1,0.1,10000,2.25,1
5,1,0.1,10000,4.5,1
5,1,0.1,10000,9,1
5,1,0.1,10000,45,1
5,1,0.2,100,2.25,1
5,1,0.2,100,4.5,1
5,1,0.2,100,9,1
5,1,0.2,100,45,0.3964
5,1,0.2,1000,2.25,1
5,1,0.2,1000,4.5,1
5,1,0.2,1000,9,1
5,1,0.2,1000,45,0.9956
5,1,0.2,5000,2.25,1
5,1,0.2,5000,4.5,1
5,1,0.2,5000,9,1
5,1,0.2,5000,45,1
5,1,0.2,10000,2.25,1
5,1,0.2,10000,4.5,1
5,1,0.2,10000,9,1
5,1,0.2,10000,45,1
5,2,0,100,2.25,0.2518
5,2,0,100,4.5,0.25
5,2,0,100,9,0.2506
5,2,0,100,45,0.2454
5,2,0,1000,2.25,0.2466
5,2,0,1000,4.5,0.2396
5,2,0,1000,9,0.2636
5,2,0,1000,45,0.2498
5,2,0,5000,2.25,0.2572
5,2,0,5000,4.5,0.2568
5,2,0,5000,9,0.2434
5,2,0,5000,45,0.2358
5,2,0,10000,2.25,0.2494
5,2,0,10000,4.5,0.2382
5,2,0,10000,9,0.228
5,2,0,10000,45,0.2432
5,2,0.01,100,2.25,0.5652
5,2,0.01,100,4.5,0.3384
5,2,0.01,100,9,0.2662
5,2,0.01,100,45,0.2342
5,2,0.01,1000,2.25,0.9998
5,2,0.01,1000,4.5,0.8462
5,2,0.01,1000,9,0.4586
5,2,0.01,1000,45,0.2472
5,2,0.01,5000,2.25,1
5,2,0.01,5000,4.5,1
5,2,0.01,5000,9,0.8938
5,2,0.01,5000,45,0.2952
5,2,0.01,10000,2.25,1
5,2,0.01,10000,4.5,1
5,2,0.01,10000,9,0.9886
5,2,0.01,10000,45,0.3388
5,2,0.02,100,2.25,0.9432
5,2,0.02,100,4.5,0.5784
5,2,0.02,100,9,0.3412
5,2,0.02,100,45,0.2554
5,2,0.02,1000,2.25,1
5,2,0.02,1000,4.5,0.9992
5,2,0.02,1000,9,0.84
5,2,0.02,1000,45,0.2854
5,2,0.02,5000,2.25,1
5,2,0.02,5000,4.5,1
5,2,0.02,5000,9,1
5,2,0.02,5000,45,0.4238
5,2,0.02,10000,2.25,1
5,2,0.02,10000,4.5,1
5,2,0.02,10000,9,1
5,2,0.02,10000,45,0.579
5,2,0.05,100,2.25,1
5,2,0.05,100,4.5,0.9888
5,2,0.05,100,9,0.687
5,2,0.05,100,45,0.2696
5,2,0.05,1000,2.25,1
5,2,0.05,1000,4.5,1
5,2,0.05,1000,9,1
5,2,0.05,1000,45,0.4848
5,2,0.05,5000,2.25,1
5,2,0.05,5000,4.5,1
5,2,0.05,5000,9,1
5,2,0.05,5000,45,0.9
5,2,0.05,10000,2.25,1
5,2,0.05,10000,4.5,1
5,2,0.05,10000,9,1
5,2,0.05,10000,45,0.9896
5,2,0.1,100,2.25,1
5,2,0.1,100,4.5,1
5,2,0.1,100,9,0.9896
5,2,0.1,100,45,0.3548
5,2,0.1,1000,2.25,1
5,2,0.1,1000,4.5,1
5,2,0.1,1000,9,1
5,2,0.1,1000,45,0.8408
5,2,0.1,5000,2.25,1
5,2,0.1,5000,4.5,1
5,2,0.1,5000,9,1
5,2,0.1,5000,45,1
5,2,0.1,10000,2.25,1
5,2,0.1,10000,4.5,1
5,2,0.1,10000,9,1
5,2,0.1,10000,45,1
5,2,0.2,100,2.25,1
5,2,0.2,100,4.5,1
5,2,0.2,100,9,1
5,2,0.2,100,45,0.575
5,2,0.2,1000,2.25,1
5,2,0.2,1000,4.5,1
5,2,0.2,1000,9,1
5,2,0.2,1000,45,0.9994
5,2,0.2,5000,2.25,1
5,2,0.2,5000,4.5,1
5,2,0.2,5000,9,1
5,2,0.2,5000,45,1
5,2,0.2,10000,2.25,1
5,2,0.2,10000,4.5,1
5,2,0.2,10000,9,1
5,2,0.2,10000,45,1
5,3,0,100,2.25,0.3318
5,3,0,100,4.5,0.3246
5,3,0,100,9,0.3326
5,3,0,100,45,0.3264
5,3,0,1000,2.25,0.3238
5,3,0,1000,4.5,0.3332
5,3,0,1000,9,0.3232
5,3,0,1000,45,0.3216
5,3,0,5000,2.25,0.326
5,3,0,5000,4.5,0.3184
5,3,0,5000,9,0.3336
5,3,0,5000,45,0.326
5,3,0,10000,2.25,0.3302
5,3,0,10000,4.5,0.3196
5,3,0,10000,9,0.3198
5,3,0,10000,45,0.315
5,3,0.01,100,2.25,0.6648
5,3,0.01,100,4.5,0.4242
5,3,0.01,100,9,0.3584
5,3,0.01,100,45,0.3348
5,3,0.01,1000,2.25,1
5,3,0.01,1000,4.5,0.89
5,3,0.01,1000,9,0.5542
5,3,0.01,1000,45,0.3418
5,3,0.01,5000,2.25,1
5,3,0.01,5000,4.5,1
5,3,0.01,5000,9,0.943
5,3,0.01,5000,45,0.3722
5,3,0.01,10000,2.25,1
5,3,0.01,10000,4.5,1
5,3,0.01,10000,9,0.9972
5,3,0.01,10000,45,0.4208
5,3,0.02,100,2.25,0.9722
5,3,0.02,100,4.5,0.6568
5,3,0.02,100,9,0.4432
5,3,0.02,100,45,0.3244
5,3,0.02,1000,2.25,1
5,3,0.02,1000,4.5,0.9998
5,3,0.02,1000,9,0.9038
5,3,0.02,1000,45,0.3636
5,3,0.02,5000,2.25,1
5,3,0.02,5000,4.5,1
5,3,0.02,5000,9,1
5,3,0.02,5000,45,0.5312
5,3,0.02,10000,2.25,1
5,3,0.02,10000,4.5,1
5,3,0.02,10000,9,1
5,3,0.02,10000,45,0.6714
5,3,0.05,100,2.25,1
5,3,0.05,100,4.5,0.996
5,3,0.05,100,9,0.785
5,3,0.05,100,45,0.3626
5,3,0.05,1000,2.25,1
5,3,0.05,1000,4.5,1
5,3,0.05,1000,9,1
5,3,0.05,1000,45,0.5642
5,3,0.05,5000,2.25,1
5,3,0.05,5000,4.5,1
5,3,0.05,5000,9,1
5,3,0.05,5000,45,0.9468
5,3,0.05,10000,2.25,1
5,3,0.05,10000,4.5,1
5,3,0.05,10000,9,1
5,3,0.05,10000,45,0.9968
5,3,0.1,100,2.25,1
5,3,0.1,100,4.5,1
5,3,0.1,100,9,0.9974
5,3,0.1,100,45,0.4352
5,3,0.1,1000,2.25,1
5,3,0.1,1000,4.5,1
5,3,0.1,1000,9,1
5,3,0.1,1000,45,0.8894
5,3,0.1,5000,2.25,1
5,3,0.1,5000,4.5,1
5,3,0.1,5000,9,1
5,3,0.1,5000,45,1
5,3,0.1,10000,2.25,1
5,3,0.1,10000,4.5,1
5,3,0.1,10000,9,1
5,3,0.1,10000,45,1
5,3,0.2,100,2.25,1
5,3,0.2,100,4.5,1
5,3,0.2,100,9,1
5,3,0.2,100,45,0.6564
5,3,0.2,1000,2.25,1
5,3,0.2,1000,4.5,1
5,3,0.2,1000,9,1
5,3,0.2,1000,45,1
5,3,0.2,5000,2.25,1
5,3,0.2,5000,4.5,1
5,3,0.2,5000,9,1
5,3,0.2,5000,45,1
5,3,0.2,10000,2.25,1
5,3,0.2,10000,4.5,1
5,3,0.2,10000,9,1
5,3,0.2,10000,45,1
5,5,0,100,2.25,0.4516
5,5,0,100,4.5,0.4528
5,5,0,100,9,0.43
5,5,0,100,45,0.4514
5,5,0,1000,2.25,0.4582
5,5,0,1000,4.5,0.4496
5,5,0,1000,9,0.4334
5,5,0,1000,45,0.4522
5,5,0,5000,2.25,0.4512
5,5,0,5000,4.5,0.4382
5,5,0,5000,9,0.4638
5,5,0,5000,45,0.444
5,5,0,10000,2.25,0.4546
5,5,0,10000,4.5,0.4442
5,5,0,10000,9,0.4454
5,5,0,10000,45,0.4416
5,5,0.01,100,2.25,0.7634
5,5,0.01,100,4.5,0.5454
5,5,0.01,100,9,0.4816
5,5,0.01,100,45,0.442
5,5,0.01,1000,2.25,1
5,5,0.01,1000,4.5,0.946
5,5,0.01,1000,9,0.6774
5,5,0.01,1000,45,0.4636
5,5,0.01,5000,2.25,1
5,5,0.01,5000,4.5,1
5,5,0.01,5000,9,0.973
5,5,0.01,5000,45,0.5096
5,5,0.01,10000,2.25,1
5,5,0.01,10000,4.5,1
5,5,0.01,10000,9,0.9992
5,5,0.01,10000,45,0.5586
5,5,0.02,100,2.25,0.99
5,5,0.02,100,4.5,0.7702
5,5,0.02,100,9,0.5496
5,5,0.02,100,45,0.4566
5,5,0.02,1000,2.25,1
5,5,0.02,1000,4.5,1
5,5,0.02,1000,9,0.9452
5,5,0.02,1000,45,0.4988
5,5,0.02,5000,2.25,1
5,5,0.02,5000,4.5,1
5,5,0.02,5000,9,1
5,5,0.02,5000,45,0.6516
5,5,0.02,10000,2.25,1
5,5,0.02,10000,4.5,1
5,5,0.02,10000,9,1
5,5,0.02,10000,45,0.7686
5,5,0.05,100,2.25,1
5,5,0.05,100,4.5,0.9992
5,5,0.05,100,9,0.8658
5,5,0.05,100,45,0.4768
5,5,0.05,1000,2.25,1
5,5,0.05,1000,4.5,1
5,5,0.05,1000,9,1
5,5,0.05,1000,45,0.6818
5,5,0.05,5000,2.25,1
5,5,0.05,5000,4.5,1
5,5,0.05,5000,9,1
5,5,0.05,5000,45,0.9758
5,5,0.05,10000,2.25,1
5,5,0.05,10000,4.5,1
5,5,0.05,10000,9,1
5,5,0.05,10000,45,0.9984
5,5,0.1,100,2.25,1
5,5,0.1,100,4.5,1
5,5,0.1,100,9,0.999
5,5,0.1,100,45,0.5498
5,5,0.1,1000,2.25,1
5,5,0.1,1000,4.5,1
5,5,0.1,1000,9,1
5,5,0.1,1000,45,0.949
5,5,0.1,5000,2.25,1
5,5,0.1,5000,4.5,1
5,5,0.1,5000,9,1
5,5,0.1,5000,45,1
5,5,0.1,10000,2.25,1
5,5,0.1,10000,4.5,1
5,5,0.1,10000,9,1
5,5,0.1,10000,45,1
5,5,0.2,100,2.25,1
5,5,0.2,100,4.5,1
5,5,0.2,100,9,1
5,5,0.2,100,45,0.7768
5,5,0.2,1000,2.25,1
5,5,0.2,1000,4.5,1
5,5,0.2,1000,9,1
5,5,0.2,1000,45,1
5,5,0.2,5000,2.25,1
5,5,0.2,5000,4.5,1
5,5,0.2,5000,9,1
5,5,0.2,5000,45,1
5,5,0.2,10000,2.25,1
5,5,0.2,10000,4.5,1
5,5,0.2,10000,9,1
5,5,0.2,10000,45,1
5,10,0,100,2.25,0.6386
5,10,0,100,4.5,0.6366
5,10,0,100,9,0.6238
5,10,0,100,45,0.6242
5,10,0,1000,2.25,0.6368
5,10,0,1000,4.5,0.6318
5,10,0,1000,9,0.6282
5,10,0,1000,45,0.6256
5,10,0,5000,2.25,0.6354
5,10,0,5000,4.5,0.6364
5,10,0,5000,9,0.6298
5,10,0,5000,45,0.6282
5,10,0,10000,2.25,0.6268
5,10,0,10000,4.5,0.6256
5,10,0,10000,9,0.627
5,10,0,10000,45,0.6242
5,10,0.01,100,2.25,0.875
5,10,0.01,100,4.5,0.7094
5,10,0.01,100,9,0.6604
5,10,0.01,100,45,0.6428
5,10,0.01,1000,2.25,1
5,10,0.01,1000,4.5,0.9774
5,10,0.01,1000,9,0.8146
5,10,0.01,1000,45,0.638
5,10,0.01,5000,2.25,1
5,10,0.01,5000,4.5,1
5,10,0.01,5000,9,0.9918
5,10,0.01,5000,45,0.6812
5,10,0.01,10000,2.25,1
5,10,0.01,10000,4.5,1
5,10,0.01,10000,9,0.9994
5,10,0.01,10000,45,0.7266
5,10,0.02,100,2.25,0.9978
5,10,0.02,100,4.5,0.8804
5,10,0.02,100,9,0.7238
5,10,0.02,100,45,0.626
5,10,0.02,1000,2.25,1
5,10,0.02,1000,4.5,1
5,10,0.02,1000,9,0.9788
5,10,0.02,1000,45,0.6664
5,10,0.02,5000,2.25,1
5,10,0.02,5000,4.5,1
5,10,0.02,5000,9,1
5,10,0.02,5000,45,0.7944
5,10,0.02,10000,2.25,1
5,10,0.02,10000,4.5,1
5,10,0.02,10000,9,1
5,10,0.02,10000,45,0.8788
5,10,0.05,100,2.25,1
5,10,0.05,100,4.5,0.9994
5,10,0.05,100,9,0.94
5,10,0.05,100,45,0.6552
5,10,0.05,1000,2.25,1
5,10,0.05,1000,4.5,1
5,10,0.05,1000,9,1
5,10,0.05,1000,45,0.817
5,10,0.05,5000,2.25,1
5,10,0.05,5000,4.5,1
5,10,0.05,5000,9,1
5,10,0.05,5000,45,0.9926
5,10,0.05,10000,2.25,1
5,10,0.05,10000,4.5,1
5,10,0.05,10000,9,1
5,10,0.05,10000,45,0.9998
5,10,0.1,100,2.25,1
5,10,0.1,100,4.5,1
5,10,0.1,100,9,0.9998
5,10,0.1,100,45,0.7378
5,10,0.1,1000,2.25,1
5,10,0.1,1000,4.5,1
5,10,0.1,1000,9,1
5,10,0.1,1000,45,0.9818
5,10,0.1,5000,2.25,1
5,10,0.1,5000,4.5,1
5,10,0.1,5000,9,1
5,10,0.1,5000,45,1
5,10,0.1,10000,2.25,1
5,10,0.1,10000,4.5,1
5,10,0.1,10000,9,1
5,10,0.1,10000,45,1
5,10,0.2,100,2.25,1
5,10,0.2,100,4.5,1
5,10,0.2,100,9,1
5,10,0.2,100,45,0.8802
5,10,0.2,1000,2.25,1
5,10,0.2,1000,4.5,1
5,10,0.2,1000,9,1
5,10,0.2,1000,45,1
5,10,0.2,5000,2.25,1
5,10,0.2,5000,4.5,1
5,10,0.2,5000,9,1
5,10,0.2,5000,45,1
5,10,0.2,10000,2.25,1
5,10,0.2,10000,4.5,1
5,10,0.2,10000,9,1
5,10,0.2,10000,45,1
5,20,0,100,2.25,0.7908
5,20,0,100,4.5,0.7996
5,20,0,100,9,0.7996
5,20,0,100,45,0.7998
5,20,0,1000,2.25,0.813
5,20,0,1000,4.5,0.797
5,20,0,1000,9,0.8056
5,20,0,1000,45,0.799
5,20,0,5000,2.25,0.803
5,20,0,5000,4.5,0.8032
5,20,0,5000,9,0.8078
5,20,0,5000,45,0.8078
5,20,0,10000,2.25,0.7964
5,20,0,10000,4.5,0.8026
5,20,0,10000,9,0.8052
5,20,0,10000,45,0.7908
5,20,0.01,100,2.25,0.952
5,20,0.01,100,4.5,0.8552
5,20,0.01,100,9,0.8258
5,20,0.01,100,45,0.8082
5,20,0.01,1000,2.25,1
5,20,0.01,1000,4.5,0.9948
5,20,0.01,1000,9,0.921
5,20,0.01,1000,45,0.8018
5,20,0.01,5000,2.25,1
5,20,0.01,5000,4.5,1
5,20,0.01,5000,9,0.9984
5,20,0.01,5000,45,0.8262
5,20,0.01,10000,2.25,1
5,20,0.01,10000,4.5,1
5,20,0.01,10000,9,1
5,20,0.01,10000,45,0.8572
5,20,0.02,100,2.25,0.9992
5,20,0.02,100,4.5,0.95
5,20,0.02,100,9,0.8574
5,20,0.02,100,45,0.7994
5,20,0.02,1000,2.25,1
5,20,0.02,1000,4.5,1
5,20,0.02,1000,9,0.9936
5,20,0.02,1000,45,0.829
5,20,0.02,5000,2.25,1
5,20,0.02,5000,4.5,1
5,20,0.02,5000,9,1
5,20,0.02,5000,45,0.9036
5,20,0.02,10000,2.25,1
5,20,0.02,10000,4.5,1
5,20,0.02,10000,9,1
5,20,0.02,10000,45,0.9458
5,20,0.05,100,2.25,1
5,20,0.05,100,4.5,1
5,20,0.05,100,9,0.9756
5,20,0.05,100,45,0.814
5,20,0.05,1000,2.25,1
5,20,0.05,1000,4.5,1
5,20,0.05,1000,9,1
5,20,0.05,1000,45,0.9166
5,20,0.05,5000,2.25,1
5,20,0.05,5000,4.5,1
5,20,0.05,5000,9,1
5,20,0.05,5000,45,0.9994
5,20,0.05,10000,2.25,1
5,20,0.05,10000,4.5,1
5,20,0.05,10000,9,1
5,20,0.05,10000,45,0.9998
5,20,0.1,100,2.25,1
5,20,0.1,100,4.5,1
5,20,0.1,100,9,0.9998
5,20,0.1,100,45,0.8534
5,20,0.1,1000,2.25,1
5,20,0.1,1000,4.5,1
5,20,0.1,1000,9,1
5,20,0.1,1000,45,0.994
5,20,0.1,5000,2.25,1
5,20,0.1,5000,4.5,1
5,20,0.1,5000,9,1
5,20,0.1,5000,45,1
5,20,0.1,10000,2.25,1
5,20,0.1,10000,4.5,1
5,20,0.1,10000,9,1
5,20,0.1,10000,45,1
5,20,0.2,100,2.25,1
5,20,0.2,100,4.5,1
5,20,0.2,100,9,1
5,20,0.2,100,45,0.9458
5,20,0.2,1000,2.25,1
5,20,0.2,1000,4.5,1
5,20,0.2,1000,9,1
5,20,0.2,1000,45,1
5,20,0.2,5000,2.25,1
5,20,0.2,5000,4.5,1
5,20,0.2,5000,9,1
5,20,0.2,5000,45,1
5,20,0.2,10000,2.25,1
5,20,0.2,10000,4.5,1
5,20,0.2,10000,9,1
5,20,0.2,10000,45,1
10,1,0,100,2.25,0.1954
10,1,0,100,4.5,0.1988
10,1,0,100,9,0.2038
10,1,0,100,45,0.1998
10,1,0,1000,2.25,0.1852
10,1,0,1000,4.5,0.1816
10,1,0,1000,9,0.1888
10,1,0,1000,45,0.1946
10,1,0,5000,2.25,0.1998
10,1,0,5000,4.5,0.184
10,1,0,5000,9,0.1872
10,1,0,5000,45,0.2018
10,1,0,10000,2.25,0.1914
10,1,0,10000,4.5,0.1882
10,1,0,10000,9,0.1894
10,1,0,10000,45,0.194
10,1,0.01,100,2.25,0.4506
10,1,0.01,100,4.5,0.2654
10,1,0.01,100,9,0.2112
10,1,0.01,100,45,0.1968
10,1,0.01,1000,2.25,0.9972
10,1,0.01,1000,4.5,0.7308
10,1,0.01,1000,9,0.3636
10,1,0.01,1000,45,0.1926
10,1,0.01,5000,2.25,1
10,1,0.01,5000,4.5,0.9994
10,1,0.01,5000,9,0.7912
10,1,0.01,5000,45,0.2234
10,1,0.01,10000,2.25,1
10,1,0.01,10000,4.5,1
10,1,0.01,10000,9,0.9688
10,1,0.01,10000,45,0.2682
10,1,0.02,100,2.25,0.8722
10,1,0.02,100,4.5,0.4532
10,1,0.02,100,9,0.2618
10,1,0.02,100,45,0.1982
10,1,0.02,1000,2.25,1
10,1,0.02,1000,4.5,0.9974
10,1,0.02,1000,9,0.7226
10,1,0.02,1000,45,0.2186
10,1,0.02,5000,2.25,1
10,1,0.02,5000,4.5,1
10,1,0.02,5000,9,1
10,1,0.02,5000,45,0.3234
10,1,0.02,10000,2.25,1
10,1,0.02,10000,4.5,1
10,1,0.02,10000,9,1
10,1,0.02,10000,45,0.4588
10,1,0.05,100,2.25,1
10,1,0.05,100,4.5,0.9652
10,1,0.05,100,9,0.5592
10,1,0.05,100,45,0.2126
10,1,0.05,1000,2.25,1
10,1,0.05,1000,4.5,1
10,1,0.05,1000,9,0.9998
10,1,0.05,1000,45,0.361
10,1,0.05,5000,2.25,1
10,1,0.05,5000,4.5,1
10,1,0.05,5000,9,1
10,1,0.05,5000,45,0.7956
10,1,0.05,10000,2.25,1
10,1,0.05,10000,4.5,1
10,1,0.05,10000,9,1
10,1,0.05,10000,45,0.9668
10,1,0.1,100,2.25,1
10,1,0.1,100,4.5,1
10,1,0.1,100,9,0.9642
10,1,0.1,100,45,0.26
10,1,0.1,1000,2.25,1
10,1,0.1,1000,4.5,1
10,1,0.1,1000,9,1
10,1,0.1,1000,45,0.7178
10,1,0.1,5000,2.25,1
10,1,0.1,5000,4.5,1
10,1,0.1,5000,9,1
10,1,0.1,5000,45,0.999
10,1,0.1,10000,2.25,1
10,1,0.1,10000,4.5,1
10,1,0.1,10000,9,1
10,1,0.1,10000,45,1
10,1,0.2,100,2.25,1
10,1,0.2,100,4.5,1
10,1,0.2,100,9,1
10,1,0.2,100,45,0.4558
10,1,0.2,1000,2.25,1
10,1,0.2,1000,4.5,1
10,1,0.2,1000,9,1
10,1,0.2,1000,45,0.9964
10,1,0.2,5000,2.25,1
10,1,0.2,5000,4.5,1
10,1,0.2,5000,9,1
10,1,0.2,5000,45,1
10,1,0.2,10000,2.25,1
10,1,0.2,10000,4.5,1
10,1,0.2,10000,9,1
10,1,0.2,10000,45,1
10,2,0,100,2.25,0.3276
10,2,0,100,4.5,0.328
10,2,0,100,9,0.3358
10,2,0,100,45,0.3304
10,2,0,1000,2.25,0.3218
10,2,0,1000,4.5,0.3186
10,2,0,1000,9,0.3276
10,2,0,1000,45,0.3256
10,2,0,5000,2.25,0.3282
10,2,0,5000,4.5,0.3272
10,2,0,5000,9,0.3196
10,2,0,5000,45,0.3186
10,2,0,10000,2.25,0.3132
10,2,0,10000,4.5,0.3256
10,2,0,10000,9,0.3314
10,2,0,10000,45,0.3258
10,2,0.01,100,2.25,0.6252
10,2,0.01,100,4.5,0.4116
10,2,0.01,100,9,0.361
10,2,0.01,100,45,0.3312
10,2,0.01,1000,2.25,0.9996
10,2,0.01,1000,4.5,0.8716
10,2,0.01,1000,9,0.5386
10,2,0.01,1000,45,0.331
10,2,0.01,5000,2.25,1
10,2,0.01,5000,4.5,1
10,2,0.01,5000,9,0.9156
10,2,0.01,5000,45,0.3816
10,2,0.01,10000,2.25,1
10,2,0.01,10000,4.5,1
10,2,0.01,10000,9,0.992
10,2,0.01,10000,45,0.4116
10,2,0.02,100,2.25,0.9508
10,2,0.02,100,4.5,0.6292
10,2,0.02,100,9,0.428
10,2,0.02,100,45,0.335
10,2,0.02,1000,2.25,1
10,2,0.02,1000,4.5,1
10,2,0.02,1000,9,0.8684
10,2,0.02,1000,45,0.3562
10,2,0.02,5000,2.25,1
10,2,0.02,5000,4.5,1
10,2,0.02,5000,9,1
10,2,0.02,5000,45,0.4922
10,2,0.02,10000,2.25,1
10,2,0.02,10000,4.5,1
10,2,0.02,10000,9,1
10,2,0.02,10000,45,0.6326
10,2,0.05,100,2.25,1
10,2,0.05,100,4.5,0.989
10,2,0.05,100,9,0.7432
10,2,0.05,100,45,0.3556
10,2,0.05,1000,2.25,1
10,2,0.05,1000,4.5,1
10,2,0.05,1000,9,1
10,2,0.05,1000,45,0.5234
10,2,0.05,5000,2.25,1
10,2,0.05,5000,4.5,1
10,2,0.05,5000,9,1
10,2,0.05,5000,45,0.9186
10,2,0.05,10000,2.25,1
10,2,0.05,10000,4.5,1
10,2,0.05,10000,9,1
10,2,0.05,10000,45,0.993
10,2,0.1,100,2.25,1
10,2,0.1,100,4.5,1
10,2,0.1,100,9,0.992
10,2,0.1,100,45,0.4226
10,2,0.1,1000,2.25,1
10,2,0.1,1000,4.5,1
10,2,0.1,1000,9,1
10,2,0.1,1000,45,0.8692
10,2,0.1,5000,2.25,1
10,2,0.1,5000,4.5,1
10,2,0.1,5000,9,1
10,2,0.1,5000,45,0.9998
10,2,0.1,10000,2.25,1
10,2,0.1,10000,4.5,1
10,2,0.1,10000,9,1
10,2,0.1,10000,45,1
10,2,0.2,100,2.25,1
10,2,0.2,100,4.5,1
10,2,0.2,100,9,1
10,2,0.2,100,45,0.6236
10,2,0.2,1000,2.25,1
10,2,0.2,1000,4.5,1
10,2,0.2,1000,9,1
10,2,0.2,1000,45,0.9994
10,2,0.2,5000,2.25,1
10,2,0.2,5000,4.5,1
10,2,0.2,5000,9,1
10,2,0.2,5000,45,1
10,2,0.2,10000,2.25,1
10,2,0.2,10000,4.5,1
10,2,0.2,10000,9,1
10,2,0.2,10000,45,1
10,3,0,100,2.25,0.445
10,3,0,100,4.5,0.4308
10,3,0,100,9,0.437
10,3,0,100,45,0.429
10,3,0,1000,2.25,0.4206
10,3,0,1000,4.5,0.4194
10,3,0,1000,9,0.4262
10,3,0,1000,45,0.4214
10,3,0,5000,2.25,0.4306
10,3,0,5000,4.5,0.4304
10,3,0,5000,9,0.4342
10,3,0,5000,45,0.4222
10,3,0,10000,2.25,0.4166
10,3,0,10000,4.5,0.4306
10,3,0,10000,9,0.4252
10,3,0,10000,45,0.4348
10,3,0.01,100,2.25,0.7284
10,3,0.01,100,4.5,0.5162
10,3,0.01,100,9,0.4578
10,3,0.01,100,45,0.43120000000000003
10,3,0.01,1000,2.25,1
10,3,0.01,1000,4.5,0.9234
10,3,0.01,1000,9,0.6314
10,3,0.01,1000,45,0.4338
10,3,0.01,5000,2.25,1
10,3,0.01,5000,4.5,1
10,3,0.01,5000,9,0.955
10,3,0.01,5000,45,0.4692
10,3,0.01,10000,2.25,1
10,3,0.01,10000,4.5,1
10,3,0.01,10000,9,0.9978
10,3,0.01,10000,45,0.5184
10,3,0.02,100,2.25,0.9782
10,3,0.02,100,4.5,0.7326
10,3,0.02,100,9,0.527
10,3,0.02,100,45,0.4364
10,3,0.02,1000,2.25,1
10,3,0.02,1000,4.5,0.9998
10,3,0.02,1000,9,0.9204
10,3,0.02,1000,45,0.467
10,3,0.02,5000,2.25,1
10,3,0.02,5000,4.5,1
10,3,0.02,5000,9,1
10,3,0.02,5000,45,0.603
10,3,0.02,10000,2.25,1
10,3,0.02,10000,4.5,1
10,3,0.02,10000,9,1
10,3,0.02,10000,45,0.7378
10,3,0.05,100,2.25,1
10,3,0.05,100,4.5,0.9966
10,3,0.05,100,9,0.8254
10,3,0.05,100,45,0.444
10,3,0.05,1000,2.25,1
10,3,0.05,1000,4.5,1
10,3,0.05,1000,9,1
10,3,0.05,1000,45,0.6396
10,3,0.05,5000,2.25,1
10,3,0.05,5000,4.5,1
10,3,0.05,5000,9,1
10,3,0.05,5000,45,0.9616
10,3,0.05,10000,2.25,1
10,3,0.05,10000,4.5,1
10,3,0.05,10000,9,1
10,3,0.05,10000,45,0.9972
10,3,0.1,100,2.25,1
10,3,0.1,100,4.5,1
10,3,0.1,100,9,0.9968
10,3,0.1,100,45,0.5184
10,3,0.1,1000,2.25,1
10,3,0.1,1000,4.5,1
10,3,0.1,1000,9,1
10,3,0.1,1000,45,0.9164
10,3,0.1,5000,2.25,1
10,3,0.1,5000,4.5,1
10,3,0.1,5000,9,1
10,3,0.1,5000,45,1
10,3,0.1,10000,2.25,1
10,3,0.1,10000,4.5,1
10,3,0.1,10000,9,1
10,3,0.1,10000,45,1
10,3,0.2,100,2.25,1
10,3,0.2,100,4.5,1
10,3,0.2,100,9,1
10,3,0.2,100,45,0.7224
10,3,0.2,1000,2.25,1
10,3,0.2,1000,4.5,1
10,3,0.2,1000,9,1
10,3,0.2,1000,45,1
10,3,0.2,5000,2.25,1
10,3,0.2,5000,4.5,1
10,3,0.2,5000,9,1
10,3,0.2,5000,45,1
10,3,0.2,10000,2.25,1
10,3,0.2,10000,4.5,1
10,3,0.2,10000,9,1
10,3,0.2,10000,45,1
10,5,0,100,2.25,0.5688
10,5,0,100,4.5,0.5674
10,5,0,100,9,0.5708
10,5,0,100,45,0.5712
10,5,0,1000,2.25,0.5632
10,5,0,1000,4.5,0.5672
10,5,0,1000,9,0.5668
10,5,0,1000,45,0.5682
10,5,0,5000,2.25,0.557
10,5,0,5000,4.5,0.5658
10,5,0,5000,9,0.577
10,5,0,5000,45,0.5622
10,5,0,10000,2.25,0.576
10,5,0,10000,4.5,0.573
10,5,0,10000,9,0.5684
10,5,0,10000,45,0.5644
10,5,0.01,100,2.25,0.8302
10,5,0.01,100,4.5,0.6546
10,5,0.01,100,9,0.5922
10,5,0.01,100,45,0.5754
10,5,0.01,1000,2.25,1
10,5,0.01,1000,4.5,0.9636
10,5,0.01,1000,9,0.7458
10,5,0.01,1000,45,0.5702
10,5,0.01,5000,2.25,1
10,5,0.01,5000,4.5,1
10,5,0.01,5000,9,0.9812
10,5,0.01,5000,45,0.6246
10,5,0.01,10000,2.25,1
10,5,0.01,10000,4.5,1
10,5,0.01,10000,9,0.999
10,5,0.01,10000,45,0.6508
10,5,0.02,100,2.25,0.9918
10,5,0.02,100,4.5,0.8344
10,5,0.02,100,9,0.6616
10,5,0.02,100,45,0.5792
10,5,0.02,1000,2.25,1
10,5,0.02,1000,4.5,1
10,5,0.02,1000,9,0.9584
10,5,0.02,1000,45,0.6074
10,5,0.02,5000,2.25,1
10,5,0.02,5000,4.5,1
10,5,0.02,5000,9,1
10,5,0.02,5000,45,0.734
10,5,0.02,10000,2.25,1
10,5,0.02,10000,4.5,1
10,5,0.02,10000,9,1
10,5,0.02,10000,45,0.8316
10,5,0.05,100,2.25,1
10,5,0.05,100,4.5,0.9994
10,5,0.05,100,9,0.905
10,5,0.05,100,45,0.6016
10,5,0.05,1000,2.25,1
10,5,0.05,1000,4.5,1
10,5,0.05,1000,9,1
10,5,0.05,1000,45,0.7414
10,5,0.05,5000,2.25,1
10,5,0.05,5000,4.5,1
10,5,0.05,5000,9,1
10,5,0.05,5000,45,0.982
10,5,0.05,10000,2.25,1
10,5,0.05,10000,4.5,1
10,5,0.05,10000,9,1
10,5,0.05,10000,45,0.9994
10,5,0.1,100,2.25,1
10,5,0.1,100,4.5,1
10,5,0.1,100,9,0.9996
10,5,0.1,100,45,0.6632
10,5,0.1,1000,2.25,1
10,5,0.1,1000,4.5,1
10,5,0.1,1000,9,1
10,5,0.1,1000,45,0.9612
10,5,0.1,5000,2.25,1
10,5,0.1,5000,4.5,1
10,5,0.1,5000,9,1
10,5,0.1,5000,45,1
10,5,0.1,10000,2.25,1
10,5,0.1,10000,4.5,1
10,5,0.1,10000,9,1
10,5,0.1,10000,45,1
10,5,0.2,100,2.25,1
10,5,0.2,100,4.5,1
10,5,0.2,100,9,1
10,5,0.2,100,45,0.8292
10,5,0.2,1000,2.25,1
10,5,0.2,1000,4.5,1
10,5,0.2,1000,9,1
10,5,0.2,1000,45,1
10,5,0.2,5000,2.25,1
10,5,0.2,5000,4.5,1
10,5,0.2,5000,9,1
10,5,0.2,5000,45,1
10,5,0.2,10000,2.25,1
10,5,0.2,10000,4.5,1
10,5,0.2,10000,9,1
10,5,0.2,10000,45,1
10,10,0,100,2.25,0.7506
10,10,0,100,4.5,0.756
10,10,0,100,9,0.7456
10,10,0,100,45,0.7542
10,10,0,1000,2.25,0.7502
10,10,0,1000,4.5,0.7528
10,10,0,1000,9,0.7534
10,10,0,1000,45,0.7492
10,10,0,5000,2.25,0.7448
10,10,0,5000,4.5,0.7616
10,10,0,5000,9,0.7494
10,10,0,5000,45,0.746
10,10,0,10000,2.25,0.7542
10,10,0,10000,4.5,0.7524
10,10,0,10000,9,0.7516
10,10,0,10000,45,0.756
10,10,0.01,100,2.25,0.9312
10,10,0.01,100,4.5,0.801
10,10,0.01,100,9,0.7732
10,10,0.01,100,45,0.7658
10,10,0.01,1000,2.25,1
10,10,0.01,1000,4.5,0.9884
10,10,0.01,1000,9,0.8798
10,10,0.01,1000,45,0.7596
10,10,0.01,5000,2.25,1
10,10,0.01,5000,4.5,1
10,10,0.01,5000,9,0.9936
10,10,0.01,5000,45,0.793
10,10,0.01,10000,2.25,1
10,10,0.01,10000,4.5,1
10,10,0.01,10000,9,0.9998
10,10,0.01,10000,45,0.8124
10,10,0.02,100,2.25,0.998
10,10,0.02,100,4.5,0.917
10,10,0.02,100,9,0.8142
10,10,0.02,100,45,0.7558
10,10,0.02,1000,2.25,1
10,10,0.02,1000,4.5,1
10,10,0.02,1000,9,0.9908
10,10,0.02,1000,45,0.7748
10,10,0.02,5000,2.25,1
10,10,0.02,5000,4.5,1
10,10,0.02,5000,9,1
10,10,0.02,5000,45,0.852
10,10,0.02,10000,2.25,1
10,10,0.02,10000,4.5,1
10,10,0.02,10000,9,1
10,10,0.02,10000,45,0.9214
10,10,0.05,100,2.25,1
10,10,0.05,100,4.5,1
10,10,0.05,100,9,0.964
10,10,0.05,100,45,0.7694
10,10,0.05,1000,2.25,1
10,10,0.05,1000,4.5,1
10,10,0.05,1000,9,1
10,10,0.05,1000,45,0.8868
10,10,0.05,5000,2.25,1
10,10,0.05,5000,4.5,1
10,10,0.05,5000,9,1
10,10,0.05,5000,45,0.9938
10,10,0.05,10000,2.25,1
10,10,0.05,10000,4.5,1
10,10,0.05,10000,9,1
10,10,0.05,10000,45,0.9998
10,10,0.1,100,2.25,1
10,10,0.1,100,4.5,1
10,10,0.1,100,9,1
10,10,0.1,100,45,0.8166
10,10,0.1,1000,2.25,1
10,10,0.1,1000,4.5,1
10,10,0.1,1000,9,1
10,10,0.1,1000,45,0.9846
10,10,0.1,5000,2.25,1
10,10,0.1,5000,4.5,1
10,10,0.1,5000,9,1
10,10,0.1,5000,45,1
10,10,0.1,10000,2.25,1
10,10,0.1,10000,4.5,1
10,10,0.1,10000,9,1
10,10,0.1,10000,45,1
10,10,0.2,100,2.25,1
10,10,0.2,100,4.5,1
10,10,0.2,100,9,1
10,10,0.2,100,45,0.9234
10,10,0.2,1000,2.25,1
10,10,0.2,1000,4.5,1
10,10,0.2,1000,9,1
10,10,0.2,1000,45,1
10,10,0.2,5000,2.25,1
10,10,0.2,5000,4.5,1
10,10,0.2,5000,9,1
10,10,0.2,5000,45,1
10,10,0.2,10000,2.25,1
10,10,0.2,10000,4.5,1
10,10,0.2,10000,9,1
10,10,0.2,10000,45,1
10,20,0,100,2.25,0.8936
10,20,0,100,4.5,0.9028
10,20,0,100,9,0.8968
10,20,0,100,45,0.8952
10,20,0,1000,2.25,0.8994
10,20,0,1000,4.5,0.902
10,20,0,1000,9,0.8984
10,20,0,1000,45,0.8986
10,20,0,5000,2.25,0.9024
10,20,0,5000,4.5,0.901
10,20,0,5000,9,0.901
10,20,0,5000,45,0.896
10,20,0,10000,2.25,0.903
10,20,0,10000,4.5,0.9044
10,20,0,10000,9,0.8984
10,20,0,10000,45,0.905
10,20,0.01,100,2.25,0.9766
10,20,0.01,100,4.5,0.9238
10,20,0.01,100,9,0.9086
10,20,0.01,100,45,0.9006
10,20,0.01,1000,2.25,1
10,20,0.01,1000,4.5,0.9964
10,20,0.01,1000,9,0.9578
10,20,0.01,1000,45,0.9068
10,20,0.01,5000,2.25,1
10,20,0.01,5000,4.5,1
10,20,0.01,5000,9,0.9984
10,20,0.01,5000,45,0.9104
10,20,0.01,10000,2.25,1
10,20,0.01,10000,4.5,1
10,20,0.01,10000,9,0.9998
10,20,0.01,10000,45,0.9296
10,20,0.02,100,2.25,0.9992
10,20,0.02,100,4.5,0.9732
10,20,0.02,100,9,0.924
10,20,0.02,100,45,0.9014
10,20,0.02,1000,2.25,1
10,20,0.02,1000,4.5,1
10,20,0.02,1000,9,0.9952
10,20,0.02,1000,45,0.9124
10,20,0.02,5000,2.25,1
10,20,0.02,5000,4.5,1
10,20,0.02,5000,9,1
10,20,0.02,5000,45,0.9514
10,20,0.02,10000,2.25,1
10,20,0.02,10000,4.5,1
10,20,0.02,10000,9,1
10,20,0.02,10000,45,0.9752
10,20,0.05,100,2.25,1
10,20,0.05,100,4.5,1
10,20,0.05,100,9,0.9912
10,20,0.05,100,45,0.9084
10,20,0.05,1000,2.25,1
10,20,0.05,1000,4.5,1
10,20,0.05,1000,9,1
10,20,0.05,1000,45,0.9592
10,20,0.05,5000,2.25,1
10,20,0.05,5000,4.5,1
10,20,0.05,5000,9,1
10,20,0.05,5000,45,0.9988
10,20,0.05,10000,2.25,1
10,20,0.05,10000,4.5,1
10,20,0.05,10000,9,1
10,20,0.05,10000,45,1
10,20,0.1,100,2.25,1
10,20,0.1,100,4.5,1
10,20,0.1,100,9,1
10,20,0.1,100,45,0.933
10,20,0.1,1000,2.25,1
10,20,0.1,1000,4.5,1
10,20,0.1,1000,9,1
10,20,0.1,1000,45,0.9974
10,20,0.1,5000,2.25,1
10,20,0.1,5000,4.5,1
10,20,0.1,5000,9,1
10,20,0.1,5000,45,1
10,20,0.1,10000,2.25,1
10,20,0.1,10000,4.5,1
10,20,0.1,10000,9,1
10,20,0.1,10000,45,1
10,20,0.2,100,2.25,1
10,20,0.2,100,4.5,1
10,20,0.2,100,9,1
10,20,0.2,100,45,0.9708
10,20,0.2,1000,2.25,1
10,20,0.2,1000,4.5,1
10,20,0.2,1000,9,1
10,20,0.2,1000,45,1
10,20,0.2,5000,2.25,1
10,20,0.2,5000,4.5,1
10,20,0.2,5000,9,1
10,20,0.2,5000,45,1
10,20,0.2,10000,2.25,1
10,20,0.2,10000,4.5,1
10,20,0.2,10000,9,1
10,20,0.2,10000,45,1
20,1,0,100,2.25,0.2568
20,1,0,100,4.5,0.2438
20,1,0,100,9,0.2482
20,1,0,100,45,0.2462
20,1,0,1000,2.25,0.2388
20,1,0,1000,4.5,0.2464
20,1,0,1000,9,0.2548
20,1,0,1000,45,0.2528
20,1,0,5000,2.25,0.2332
20,1,0,5000,4.5,0.2528
20,1,0,5000,9,0.2468
20,1,0,5000,45,0.2444
20,1,0,10000,2.25,0.2494
20,1,0,10000,4.5,0.25
20,1,0,10000,9,0.2528
20,1,0,10000,45,0.2578
20,1,0.01,100,2.25,0.4992
20,1,0.01,100,4.5,0.3168
20,1,0.01,100,9,0.2656
20,1,0.01,100,45,0.254
20,1,0.01,1000,2.25,0.9988
20,1,0.01,1000,4.5,0.7618
20,1,0.01,1000,9,0.421
20,1,0.01,1000,45,0.2608
20,1,0.01,5000,2.25,1
20,1,0.01,5000,4.5,0.9996
20,1,0.01,5000,9,0.8232
20,1,0.01,5000,45,0.2896
20,1,0.01,10000,2.25,1
20,1,0.01,10000,4.5,1
20,1,0.01,10000,9,0.9702
20,1,0.01,10000,45,0.3258
20,1,0.02,100,2.25,0.8902
20,1,0.02,100,4.5,0.4992
20,1,0.02,100,9,0.3176
20,1,0.02,100,45,0.2464
20,1,0.02,1000,2.25,1
20,1,0.02,1000,4.5,0.9974
20,1,0.02,1000,9,0.747
20,1,0.02,1000,45,0.2718
20,1,0.02,5000,2.25,1
20,1,0.02,5000,4.5,1
20,1,0.02,5000,9,0.9998
20,1,0.02,5000,45,0.3936
20,1,0.02,10000,2.25,1
20,1,0.02,10000,4.5,1
20,1,0.02,10000,9,1
20,1,0.02,10000,45,0.4884
20,1,0.05,100,2.25,1
20,1,0.05,100,4.5,0.9688
20,1,0.05,100,9,0.5982
20,1,0.05,100,45,0.2706
20,1,0.05,1000,2.25,1
20,1,0.05,1000,4.5,1
20,1,0.05,1000,9,1
20,1,0.05,1000,45,0.4096
20,1,0.05,5000,2.25,1
20,1,0.05,5000,4.5,1
20,1,0.05,5000,9,1
20,1,0.05,5000,45,0.8204
20,1,0.05,10000,2.25,1
20,1,0.05,10000,4.5,1
20,1,0.05,10000,9,1
20,1,0.05,10000,45,0.9628
20,1,0.1,100,2.25,1
20,1,0.1,100,4.5,1
20,1,0.1,100,9,0.9732
20,1,0.1,100,45,0.3354
20,1,0.1,1000,2.25,1
20,1,0.1,1000,4.5,1
20,1,0.1,1000,9,1
20,1,0.1,1000,45,0.7542
20,1,0.1,5000,2.25,1
20,1,0.1,5000,4.5,1
20,1,0.1,5000,9,1
20,1,0.1,5000,45,0.9992
20,1,0.1,10000,2.25,1
20,1,0.1,10000,4.5,1
20,1,0.1,10000,9,1
20,1,0.1,10000,45,1
20,1,0.2,100,2.25,1
20,1,0.2,100,4.5,1
20,1,0.2,100,9,1
20,1,0.2,100,45,0.5028
20,1,0.2,1000,2.25,1
20,1,0.2,1000,4.5,1
20,1,0.2,1000,9,1
20,1,0.2,1000,45,0.9972
20,1,0.2,5000,2.25,1
20,1,0.2,5000,4.5,1
20,1,0.2,5000,9,1
20,1,0.2,5000,45,1
20,1,0.2,10000,2.25,1
20,1,0.2,10000,4.5,1
20,1,0.2,10000,9,1
20,1,0.2,10000,45,1
20,2,0,100,2.25,0.417
20,2,0,100,4.5,0.4182
20,2,0,100,9,0.4162
20,2,0,100,45,0.4208
20,2,0,1000,2.25,0.4004
20,2,0,1000,4.5,0.4054
20,2,0,1000,9,0.4132
20,2,0,1000,45,0.4012
20,2,0,5000,2.25,0.404
20,2,0,5000,4.5,0.406
20,2,0,5000,9,0.4146
20,2,0,5000,45,0.404
20,2,0,10000,2.25,0.4044
20,2,0,10000,4.5,0.4114
20,2,0,10000,9,0.4014
20,2,0,10000,45,0.4142
20,2,0.01,100,2.25,0.6786
20,2,0.01,100,4.5,0.4978
20,2,0.01,100,9,0.434
20,2,0.01,100,45,0.421
20,2,0.01,1000,2.25,0.9996
20,2,0.01,1000,4.5,0.8866
20,2,0.01,1000,9,0.5992
20,2,0.01,1000,45,0.4192
20,2,0.01,5000,2.25,1
20,2,0.01,5000,4.5,1
20,2,0.01,5000,9,0.9268
20,2,0.01,5000,45,0.4434
20,2,0.01,10000,2.25,1
20,2,0.01,10000,4.5,1
20,2,0.01,10000,9,0.9934
20,2,0.01,10000,45,0.4952
20,2,0.02,100,2.25,0.9688
20,2,0.02,100,4.5,0.6754
20,2,0.02,100,9,0.4924
20,2,0.02,100,45,0.4242
20,2,0.02,1000,2.25,1
20,2,0.02,1000,4.5,0.9998
20,2,0.02,1000,9,0.882
20,2,0.02,1000,45,0.458
20,2,0.02,5000,2.25,1
20,2,0.02,5000,4.5,1
20,2,0.02,5000,9,1
20,2,0.02,5000,45,0.5666
20,2,0.02,10000,2.25,1
20,2,0.02,10000,4.5,1
20,2,0.02,10000,9,1
20,2,0.02,10000,45,0.6906
20,2,0.05,100,2.25,1
20,2,0.05,100,4.5,0.9938
20,2,0.05,100,9,0.7794
20,2,0.05,100,45,0.4406
20,2,0.05,1000,2.25,1
20,2,0.05,1000,4.5,1
20,2,0.05,1000,9,1
20,2,0.05,1000,45,0.6026
20,2,0.05,5000,2.25,1
20,2,0.05,5000,4.5,1
20,2,0.05,5000,9,1
20,2,0.05,5000,45,0.9246
20,2,0.05,10000,2.25,1
20,2,0.05,10000,4.5,1
20,2,0.05,10000,9,1
20,2,0.05,10000,45,0.9938
20,2,0.1,100,2.25,1
20,2,0.1,100,4.5,1
20,2,0.1,100,9,0.9932
20,2,0.1,100,45,0.498
20,2,0.1,1000,2.25,1
20,2,0.1,1000,4.5,1
20,2,0.1,1000,9,1
20,2,0.1,1000,45,0.896
20,2,0.1,5000,2.25,1
20,2,0.1,5000,4.5,1
20,2,0.1,5000,9,1
20,2,0.1,5000,45,1
20,2,0.1,10000,2.25,1
20,2,0.1,10000,4.5,1
20,2,0.1,10000,9,1
20,2,0.1,10000,45,1
20,2,0.2,100,2.25,1
20,2,0.2,100,4.5,1
20,2,0.2,100,9,1
20,2,0.2,100,45,0.69
20,2,0.2,1000,2.25,1
20,2,0.2,1000,4.5,1
20,2,0.2,1000,9,1
20,2,0.2,1000,45,1
20,2,0.2,5000,2.25,1
20,2,0.2,5000,4.5,1
20,2,0.2,5000,9,1
20,2,0.2,5000,45,1
20,2,0.2,10000,2.25,1
20,2,0.2,10000,4.5,1
20,2,0.2,10000,9,1
20,2,0.2,10000,45,1
20,3,0,100,2.25,0.5322
20,3,0,100,4.5,0.536
20,3,0,100,9,0.5358
20,3,0,100,45,0.5226
20,3,0,1000,2.25,0.521
20,3,0,1000,4.5,0.511
20,3,0,1000,9,0.5166
20,3,0,1000,45,0.517
20,3,0,5000,2.25,0.5246
20,3,0,5000,4.5,0.533
20,3,0,5000,9,0.5126
20,3,0,5000,45,0.5172
20,3,0,10000,2.25,0.5138
20,3,0,10000,4.5,0.5144
20,3,0,10000,9,0.539
20,3,0,10000,45,0.5224
20,3,0.01,100,2.25,0.776
20,3,0.01,100,4.5,0.6082
20,3,0.01,100,9,0.5622
20,3,0.01,100,45,0.5196
20,3,0.01,1000,2.25,0.9998
20,3,0.01,1000,4.5,0.9432
20,3,0.01,1000,9,0.697
20,3,0.01,1000,45,0.5232
20,3,0.01,5000,2.25,1
20,3,0.01,5000,4.5,1
20,3,0.01,5000,9,0.9634
20,3,0.01,5000,45,0.5622
20,3,0.01,10000,2.25,1
20,3,0.01,10000,4.5,1
20,3,0.01,10000,9,0.9984
20,3,0.01,10000,45,0.6014
20,3,0.02,100,2.25,0.9872
20,3,0.02,100,4.5,0.7714
20,3,0.02,100,9,0.5992
20,3,0.02,100,45,0.5318
20,3,0.02,1000,2.25,1
20,3,0.02,1000,4.5,1
20,3,0.02,1000,9,0.9412
20,3,0.02,1000,45,0.5374
20,3,0.02,5000,2.25,1
20,3,0.02,5000,4.5,1
20,3,0.02,5000,9,1
20,3,0.02,5000,45,0.6768
20,3,0.02,10000,2.25,1
20,3,0.02,10000,4.5,1
20,3,0.02,10000,9,1
20,3,0.02,10000,45,0.7842
20,3,0.05,100,2.25,1
20,3,0.05,100,4.5,0.9976
20,3,0.05,100,9,0.8554
20,3,0.05,100,45,0.5576
20,3,0.05,1000,2.25,1
20,3,0.05,1000,4.5,1
20,3,0.05,1000,9,1
20,3,0.05,1000,45,0.6996
20,3,0.05,5000,2.25,1
20,3,0.05,5000,4.5,1
20,3,0.05,5000,9,1
20,3,0.05,5000,45,0.9648
20,3,0.05,10000,2.25,1
20,3,0.05,10000,4.5,1
20,3,0.05,10000,9,1
20,3,0.05,10000,45,0.9984
20,3,0.1,100,2.25,1
20,3,0.1,100,4.5,1
20,3,0.1,100,9,0.9984
20,3,0.1,100,45,0.6044
20,3,0.1,1000,2.25,1
20,3,0.1,1000,4.5,1
20,3,0.1,1000,9,1
20,3,0.1,1000,45,0.9402
20,3,0.1,5000,2.25,1
20,3,0.1,5000,4.5,1
20,3,0.1,5000,9,1
20,3,0.1,5000,45,1
20,3,0.1,10000,2.25,1
20,3,0.1,10000,4.5,1
20,3,0.1,10000,9,1
20,3,0.1,10000,45,1
20,3,0.2,100,2.25,1
20,3,0.2,100,4.5,1
20,3,0.2,100,9,1
20,3,0.2,100,45,0.771
20,3,0.2,1000,2.25,1
20,3,0.2,1000,4.5,1
20,3,0.2,1000,9,1
20,3,0.2,1000,45,1
20,3,0.2,5000,2.25,1
20,3,0.2,5000,4.5,1
20,3,0.2,5000,9,1
20,3,0.2,5000,45,1
20,3,0.2,10000,2.25,1
20,3,0.2,10000,4.5,1
20,3,0.2,10000,9,1
20,3,0.2,10000,45,1
20,5,0,100,2.25,0.6762
20,5,0,100,4.5,0.669
20,5,0,100,9,0.6718
20,5,0,100,45,0.6692
20,5,0,1000,2.25,0.6674
20,5,0,1000,4.5,0.6646
20,5,0,1000,9,0.6848
20,5,0,1000,45,0.6594
20,5,0,5000,2.25,0.6668
20,5,0,5000,4.5,0.6596
20,5,0,5000,9,0.6796
20,5,0,5000,45,0.6586
20,5,0,10000,2.25,0.6638
20,5,0,10000,4.5,0.671
20,5,0,10000,9,0.6664
20,5,0,10000,45,0.6724
20,5,0.01,100,2.25,0.8762
20,5,0.01,100,4.5,0.7468
20,5,0.01,100,9,0.6892
20,5,0.01,100,45,0.6754
20,5,0.01,1000,2.25,1
20,5,0.01,1000,4.5,0.9732
20,5,0.01,1000,9,0.8216
20,5,0.01,1000,45,0.6712
20,5,0.01,5000,2.25,1
20,5,0.01,5000,4.5,1
20,5,0.01,5000,9,0.9838
20,5,0.01,5000,45,0.7076
20,5,0.01,10000,2.25,1
20,5,0.01,10000,4.5,1
20,5,0.01,10000,9,0.9996
20,5,0.01,10000,45,0.7314
20,5,0.02,100,2.25,0.9948
20,5,0.02,100,4.5,0.871
20,5,0.02,100,9,0.7544
20,5,0.02,100,45,0.675
20,5,0.02,1000,2.25,1
20,5,0.02,1000,4.5,1
20,5,0.02,1000,9,0.9718
20,5,0.02,1000,45,0.71
20,5,0.02,5000,2.25,1
20,5,0.02,5000,4.5,1
20,5,0.02,5000,9,1
20,5,0.02,5000,45,0.7912
20,5,0.02,10000,2.25,1
20,5,0.02,10000,4.5,1
20,5,0.02,10000,9,1
20,5,0.02,10000,45,0.8708
20,5,0.05,100,2.25,1
20,5,0.05,100,4.5,0.9998
20,5,0.05,100,9,0.9306
20,5,0.05,100,45,0.6942
20,5,0.05,1000,2.25,1
20,5,0.05,1000,4.5,1
20,5,0.05,1000,9,1
20,5,0.05,1000,45,0.8192
20,5,0.05,5000,2.25,1
20,5,0.05,5000,4.5,1
20,5,0.05,5000,9,1
20,5,0.05,5000,45,0.985
20,5,0.05,10000,2.25,1
20,5,0.05,10000,4.5,1
20,5,0.05,10000,9,1
20,5,0.05,10000,45,0.9994
20,5,0.1,100,2.25,1
20,5,0.1,100,4.5,1
20,5,0.1,100,9,0.9994
20,5,0.1,100,45,0.7346
20,5,0.1,1000,2.25,1
20,5,0.1,1000,4.5,1
20,5,0.1,1000,9,1
20,5,0.1,1000,45,0.97
20,5,0.1,5000,2.25,1
20,5,0.1,5000,4.5,1
20,5,0.1,5000,9,1
20,5,0.1,5000,45,1
20,5,0.1,10000,2.25,1
20,5,0.1,10000,4.5,1
20,5,0.1,10000,9,1
20,5,0.1,10000,45,1
20,5,0.2,100,2.25,1
20,5,0.2,100,4.5,1
20,5,0.2,100,9,1
20,5,0.2,100,45,0.8736
20,5,0.2,1000,2.25,1
20,5,0.2,1000,4.5,1
20,5,0.2,1000,9,1
20,5,0.2,1000,45,1
20,5,0.2,5000,2.25,1
20,5,0.2,5000,4.5,1
20,5,0.2,5000,9,1
20,5,0.2,5000,45,1
20,5,0.2,10000,2.25,1
20,5,0.2,10000,4.5,1
20,5,0.2,10000,9,1
20,5,0.2,10000,45,1
20,10,0,100,2.25,0.844
20,10,0,100,4.5,0.8512
20,10,0,100,9,0.8454
20,10,0,100,45,0.8422
20,10,0,1000,2.25,0.8486
20,10,0,1000,4.5,0.849
20,10,0,1000,9,0.8468
20,10,0,1000,45,0.8498
20,10,0,5000,2.25,0.8462
20,10,0,5000,4.5,0.846
20,10,0,5000,9,0.8474
20,10,0,5000,45,0.8428
20,10,0,10000,2.25,0.8438
20,10,0,10000,4.5,0.85
20,10,0,10000,9,0.8408
20,10,0,10000,45,0.8494
20,10,0.01,100,2.25,0.956
20,10,0.01,100,4.5,0.8896
20,10,0.01,100,9,0.8648
20,10,0.01,100,45,0.8408
20,10,0.01,1000,2.25,1
20,10,0.01,1000,4.5,0.9938
20,10,0.01,1000,9,0.9266
20,10,0.01,1000,45,0.8508
20,10,0.01,5000,2.25,1
20,10,0.01,5000,4.5,1
20,10,0.01,5000,9,0.9974
20,10,0.01,5000,45,0.8674
20,10,0.01,10000,2.25,1
20,10,0.01,10000,4.5,1
20,10,0.01,10000,9,1
20,10,0.01,10000,45,0.8832
20,10,0.02,100,2.25,0.9992
20,10,0.02,100,4.5,0.9506
20,10,0.02,100,9,0.8846
20,10,0.02,100,45,0.8512
20,10,0.02,1000,2.25,1
20,10,0.02,1000,4.5,1
20,10,0.02,1000,9,0.991
20,10,0.02,1000,45,0.8584
20,10,0.02,5000,2.25,1
20,10,0.02,5000,4.5,1
20,10,0.02,5000,9,1
20,10,0.02,5000,45,0.91
20,10,0.02,10000,2.25,1
20,10,0.02,10000,4.5,1
20,10,0.02,10000,9,1
20,10,0.02,10000,45,0.9494
20,10,0.05,100,2.25,1
20,10,0.05,100,4.5,0.9998
20,10,0.05,100,9,0.9776
20,10,0.05,100,45,0.8594
20,10,0.05,1000,2.25,1
20,10,0.05,1000,4.5,1
20,10,0.05,1000,9,1
20,10,0.05,1000,45,0.929
20,10,0.05,5000,2.25,1
20,10,0.05,5000,4.5,1
20,10,0.05,5000,9,1
20,10,0.05,5000,45,0.9968
20,10,0.05,10000,2.25,1
20,10,0.05,10000,4.5,1
20,10,0.05,10000,9,1
20,10,0.05,10000,45,1
20,10,0.1,100,2.25,1
20,10,0.1,100,4.5,1
20,10,0.1,100,9,1
20,10,0.1,100,45,0.8904
20,10,0.1,1000,2.25,1
20,10,0.1,1000,4.5,1
20,10,0.1,1000,9,1
20,10,0.1,1000,45,0.9962
20,10,0.1,5000,2.25,1
20,10,0.1,5000,4.5,1
20,10,0.1,5000,9,1
20,10,0.1,5000,45,1
20,10,0.1,10000,2.25,1
20,10,0.1,10000,4.5,1
20,10,0.1,10000,9,1
20,10,0.1,10000,45,1
20,10,0.2,100,2.25,1
20,10,0.2,100,4.5,1
20,10,0.2,100,9,1
20,10,0.2,100,45,0.9534
20,10,0.2,1000,2.25,1
20,10,0.2,1000,4.5,1
20,10,0.2,1000,9,1
20,10,0.2,1000,45,1
20,10,0.2,5000,2.25,1
20,10,0.2,5000,4.5,1
20,10,0.2,5000,9,1
20,10,0.2,5000,45,1
20,10,0.2,10000,2.25,1
20,10,0.2,10000,4.5,1
20,10,0.2,10000,9,1
20,10,0.2,10000,45,1
20,20,0,100,2.25,0.9494
20,20,0,100,4.5,0.9522
20,20,0,100,9,0.9518
20,20,0,100,45,0.9538
20,20,0,1000,2.25,0.9546
20,20,0,1000,4.5,0.9532
20,20,0,1000,9,0.958
20,20,0,1000,45,0.9508
20,20,0,5000,2.25,0.9562
20,20,0,5000,4.5,0.9544
20,20,0,5000,9,0.9568
20,20,0,5000,45,0.9554
20,20,0,10000,2.25,0.9542
20,20,0,10000,4.5,0.9554
20,20,0,10000,9,0.9502
20,20,0,10000,45,0.954
20,20,0.01,100,2.25,0.9866
20,20,0.01,100,4.5,0.9624
20,20,0.01,100,9,0.96
20,20,0.01,100,45,0.9592
20,20,0.01,1000,2.25,1
20,20,0.01,1000,4.5,0.9984
20,20,0.01,1000,9,0.9834
20,20,0.01,1000,45,0.9544
20,20,0.01,5000,2.25,1
20,20,0.01,5000,4.5,1
20,20,0.01,5000,9,0.9998
20,20,0.01,5000,45,0.9638
20,20,0.01,10000,2.25,1
20,20,0.01,10000,4.5,1
20,20,0.01,10000,9,1
20,20,0.01,10000,45,0.9684
20,20,0.02,100,2.25,0.9998
20,20,0.02,100,4.5,0.988
20,20,0.02,100,9,0.9628
20,20,0.02,100,45,0.9476
20,20,0.02,1000,2.25,1
20,20,0.02,1000,4.5,1
20,20,0.02,1000,9,0.9982
20,20,0.02,1000,45,0.9572
20,20,0.02,5000,2.25,1
20,20,0.02,5000,4.5,1
20,20,0.02,5000,9,1
20,20,0.02,5000,45,0.9782
20,20,0.02,10000,2.25,1
20,20,0.02,10000,4.5,1
20,20,0.02,10000,9,1
20,20,0.02,10000,45,0.9872
20,20,0.05,100,2.25,1
20,20,0.05,100,4.5,1
20,20,0.05,100,9,0.994
20,20,0.05,100,45,0.953
20,20,0.05,1000,2.25,1
20,20,0.05,1000,4.5,1
20,20,0.05,1000,9,1
20,20,0.05,1000,45,0.98
20,20,0.05,5000,2.25,1
20,20,0.05,5000,4.5,1
20,20,0.05,5000,9,1
20,20,0.05,5000,45,0.999
20,20,0.05,10000,2.25,1
20,20,0.05,10000,4.5,1
20,20,0.05,10000,9,1
20,20,0.05,10000,45,1
20,20,0.1,100,2.25,1
20,20,0.1,100,4.5,1
20,20,0.1,100,9,1
20,20,0.1,100,45,0.9644
20,20,0.1,1000,2.25,1
20,20,0.1,1000,4.5,1
20,20,0.1,1000,9,1
20,20,0.1,1000,45,0.9984
20,20,0.1,5000,2.25,1
20,20,0.1,5000,4.5,1
20,20,0.1,5000,9,1
20,20,0.1,5000,45,1
20,20,0.1,10000,2.25,1
20,20,0.1,10000,4.5,1
20,20,0.1,10000,9,1
20,20,0.1,10000,45,1
20,20,0.2,100,2.25,1
20,20,0.2,100,4.5,1
20,20,0.2,100,9,1
20,20,0.2,100,45,0.9902
20,20,0.2,1000,2.25,1
20,20,0.2,1000,4.5,1
20,20,0.2,1000,9,1
20,20,0.2,1000,45,1
20,20,0.2,5000,2.25,1
20,20,0.2,5000,4.5,1
20,20,0.2,5000,9,1
20,20,0.2,5000,45,1
20,20,0.2,10000,2.25,1
20,20,0.2,10000,4.5,1
20,20,0.2,10000,9,1
20,20,0.2,10000,45,1
